kingdom	phylum	class	order	family	genus	species	A4_T2_R1	A4_T3_R1	A4_T4_R1	A4_T5_R1	B1_T2_R1	B1_T3_R1	B1_T4_R1	B1_T5_R1	B2_T2_R1	B2_T3_R1	B2_T4_R1	B2_T5_R1	B3_T2_R1	B3_T3_R1	B3_T4_R1	B3_T5_R1	B4_T2_R1	B4_T3_R1	B4_T4_R1	B4_T5_R1	B5_T1_R1	B5_T2_R1	B5_T3_R1	B5_T4_R1	B6_T2_R1	B6_T3_R1	B6_T4_R1	B6_T5_R1	B7_T2_R1	B7_T3_R1	B7_T4_R1	B7_T5_R1	B8_T2_R1	B8_T3_R1	B8_T4_R1	C1_T1_R1	C1_T2_R1	C1_T4_R1	C1_T5_R1	C2_T1_R1	C2_T2_R1	C2_T3_R1	C2_T4_R1	C2_T5_R1	C3_T1_R1	C3_T2_R1	C3_T3_R1	C3_T4_R1	C3_T5_R1	C6_T1_R1	C6_T2_R1	C6_T3_R1	C6_T4_R1	C6_T5_R1	C7_T2_R1	C7_T3_R1	C7_T4_R1	C7_T5_R1	D1_T2_R1	D1_T3_R1	D1_T4_R1	D1_T5_R1	D2_T1_R1	D2_T2_R1	D2_T3_R1	D2_T4_R1	D2_T5_R1	D4_T1_R1	D4_T2_R1	D4_T3_R1	D4_T4_R1	D4_T5_R1	D5_T2_R1	D5_T4_R1	D5_T5_R1	D6_T1_R1	D6_T2_R1	D6_T3_R1	D6_T4_R1	D6_T5_R1	E1_T1_R1	E1_T2_R1	E1_T3_R1	E1_T4_R1	E1_T5_R1	E2_T1_R1	E2_T2_R1	E2_T3_R1	E2_T4_R1	E2_T5_R1	E3_T2_R1	E3_T3_R1	E3_T4_R1	E3_T5_R1	E5_T1_R1	E5_T2_R1	E5_T4_R1	E5_T5_R1	E7_T2_R1	E7_T3_R1	E7_T4_R1	E7_T5_R1	F1_T2_R1	F1_T3_R1	F1_T4_R1	F1_T5_R1	F3_T2_R1	F3_T3_R1	F3_T4_R1	F3_T5_R1	F4_T2_R1	F4_T3_R1	F4_T4_R1	F5_T1_R1	F5_T2_R1	F5_T3_R1	F5_T4_R1	F5_T5_R1	F7_T1_R1	F7_T2_R1	F7_T3_R1	F7_T4_R1	F7_T5_R1	F8_T1_R1	F8_T2_R1	F8_T3_R1	F8_T4_R1	F8_T5_R1	G1_T1_R1	G1_T4_R1	G1_T5_R1	G2_T2_R1	G2_T3_R1	G2_T4_R1	G2_T5_R1	G3_T2_R1	G3_T3_R1	G3_T4_R1	G3_T5_R1	G4_T1_R1	G4_T2_R1	G4_T3_R1	G4_T4_R1	G4_T5_R1	G5_T5_R1	G6_T1_R1	G6_T3_R1	G6_T4_R1	G6_T5_R1	G7_T1_R1	G7_T2_R1	G7_T3_R1	G7_T4_R1	G7_T5_R1	G8_T1_R1	G8_T2_R1	G8_T4_R1	G8_T5_R1	H1_T2_R1	H1_T3_R1	H1_T4_R1	H1_T5_R1	H2_T2_R1	H2_T3_R1	H2_T5_R1	H4_T2_R1	H4_T3_R1	H4_T4_R1	H4_T5_R1	H5_T2_R1	H5_T3_R1	H5_T4_R1	H5_T5_R1	H7_T2_R1	H8_T1_R1	H8_T2_R1	H8_T3_R1	H8_T4_R1	H8_T5_R1	I2_T2_R1	I2_T3_R1	I2_T4_R1	I2_T5_R1	I5_T1_R1	I5_T2_R1	I5_T3_R1	I5_T4_R1	I5_T5_R1	I6_T2_R1	I6_T3_R1	I6_T4_R1	I6_T5_R1	Resv_T2_R1	Resv_T3_R1	Resv_T4_R1	Resv_T5_R1	Cont_T1_R1	Cont_T2_R1	Cont_T3_R1	Cont_T4_R1	Cont_T5_R1	A4_T2_R2	A4_T3_R2	A4_T4_R2	A4_T5_R2	B1_T2_R2	B1_T3_R2	B1_T4_R2	B1_T5_R2	B2_T2_R2	B2_T3_R2	B2_T4_R2	B2_T5_R2	B3_T2_R2	B3_T3_R2	B3_T4_R2	B3_T5_R2	B4_T2_R2	B4_T3_R2	B4_T4_R2	B4_T5_R2	B5_T3_R2	B5_T4_R2	B5_T5_R2	B6_T2_R2	B6_T3_R2	B6_T5_R2	B7_T2_R2	B7_T3_R2	B7_T4_R2	B7_T5_R2	B8_T2_R2	B8_T3_R2	B8_T4_R2	B8_T5_R2	C1_T2_R2	C1_T3_R2	C1_T4_R2	C1_T5_R2	C2_T1_R2	C2_T2_R2	C2_T3_R2	C2_T4_R2	C2_T5_R2	C3_T1_R2	C3_T2_R2	C3_T3_R2	C3_T4_R2	C3_T5_R2	C6_T2_R2	C6_T3_R2	C6_T4_R2	C6_T5_R2	C7_T2_R2	C7_T3_R2	C7_T5_R2	D1_T2_R2	D1_T3_R2	D1_T4_R2	D1_T5_R2	D2_T2_R2	D2_T3_R2	D2_T4_R2	D4_T2_R2	D4_T3_R2	D4_T4_R2	D4_T5_R2	D5_T2_R2	D5_T3_R2	D5_T4_R2	D5_T5_R2	D6_T1_R2	D6_T2_R2	D6_T3_R2	D6_T4_R2	D6_T5_R2	E1_T2_R2	E1_T3_R2	E1_T4_R2	E1_T5_R2	E2_T1_R2	E2_T2_R2	E2_T3_R2	E2_T4_R2	E2_T5_R2	E3_T2_R2	E3_T3_R2	E3_T4_R2	E3_T5_R2	E5_T2_R2	E5_T3_R2	E5_T4_R2	E5_T5_R2	E7_T2_R2	E7_T3_R2	E7_T4_R2	E7_T5_R2	F1_T2_R2	F1_T3_R2	F1_T5_R2	F3_T2_R2	F3_T3_R2	F3_T4_R2	F4_T2_R2	F4_T3_R2	F5_T1_R2	F5_T2_R2	F5_T3_R2	F5_T4_R2	F5_T5_R2	F7_T2_R2	F7_T3_R2	F7_T4_R2	F7_T5_R2	F8_T2_R2	F8_T3_R2	F8_T4_R2	F8_T5_R2	G1_T4_R2	G2_T2_R2	G2_T3_R2	G2_T4_R2	G2_T5_R2	G3_T2_R2	G3_T3_R2	G3_T4_R2	G3_T5_R2	G4_T1_R2	G4_T2_R2	G4_T3_R2	G4_T4_R2	G4_T5_R2	G6_T1_R2	G6_T3_R2	G6_T4_R2	G7_T2_R2	G7_T3_R2	G7_T4_R2	G7_T5_R2	G8_T2_R2	G8_T3_R2	G8_T4_R2	G8_T5_R2	H1_T2_R2	H1_T3_R2	H1_T4_R2	H1_T5_R2	H2_T2_R2	H2_T3_R2	H2_T4_R2	H2_T5_R2	H4_T2_R2	H4_T3_R2	H4_T4_R2	H4_T5_R2	H5_T2_R2	H5_T3_R2	H5_T4_R2	H5_T5_R2	H7_T2_R2	H8_T1_R2	H8_T2_R2	H8_T4_R2	H8_T5_R2	I2_T2_R2	I2_T3_R2	I2_T4_R2	I2_T5_R2	I5_T2_R2	I5_T3_R2	I5_T4_R2	I5_T5_R2	I6_T2_R2	I6_T3_R2	I6_T4_R2	Resv_T2_R2	Resv_T3_R2	Resv_T4_R2	Resv_T5_R2	Cont_T1_R2	Cont_T2_R2	Cont_T3_R2	Cont_T4_R2	Cont_T5_R2
Chromista	Bacillariophyta	Bacillariophyceae	Fragilariales	Fragilariaceae	Fragilaria	Unknown	0	0	0	0	3	0	981	3552	0	0	0	0	0	0	0	0	0	0	0	0	1437	2	36	14410	0	0	0	0	0	0	0	0	0	0	0	67	0	0	0	32	7	1	48	7805	505	0	0	0	0	178	0	11	0	995	0	0	0	0	0	0	0	0	67	0	0	0	0	17	0	0	0	161	0	0	0	90	0	0	0	0	44	0	0	0	0	34	0	0	0	0	2	30	12	255	760	0	0	0	0	944	37	540	0	0	0	0	0	0	0	0	0	0	0	37	0	0	0	0	423	0	0	0	0	419	0	0	0	0	35	0	0	0	0	0	0	0	11	0	0	95	0	0	0	0	0	134	0	0	0	11	0	0	0	0	13	0	0	0	51	0	289	1437	0	0	0	0	0	0	0	337	7	3179	206	0	105	0	0	0	0	0	0	0	0	30	0	0	0	0	0	0	0	0	9	0	0	102	0	142	0	0	0	0	0	0	0	2	0	514	1392	0	0	0	0	0	0	0	0	0	0	0	0	79	8039	1313	0	0	0	0	0	0	0	0	0	0	0	0	0	0	0	70	13	4	46	3940	822	0	0	0	0	0	0	0	1626	0	0	0	0	0	0	0	0	0	0	0	0	0	0	0	0	0	0	115	0	0	0	0	0	0	0	0	6	0	0	0	0	10	140	4	464	0	0	0	0	0	879	20	714	0	0	0	0	0	0	0	0	43	0	0	0	0	0	0	0	0	0	0	0	0	0	0	0	0	0	0	0	0	0	185	0	0	0	0	198	0	0	0	0	0	0	0	0	0	0	338	2	135	1623	0	0	0	0	0	0	0	0	188	43	5617	507	0	127	0	0	0	0	0	0	0	0	0	0	0	0	0	0	11	0	0	127	317	0	0	0	0
Chromista	Bacillariophyta	Bacillariophyceae	Fragilariales	Unknown	Unknown	Unknown	0	0	0	0	0	0	0	0	0	0	0	0	0	0	0	0	0	0	0	0	0	0	0	0	0	0	0	0	0	0	0	0	0	0	0	0	0	0	0	0	0	0	0	0	0	0	0	0	0	0	0	0	0	0	0	0	0	0	0	0	0	0	0	0	0	0	0	0	0	0	0	0	0	0	0	0	0	0	0	0	0	0	0	0	0	0	0	0	0	0	0	0	0	0	0	0	0	0	0	0	0	0	0	0	0	0	0	0	0	0	0	0	0	0	0	0	0	0	0	0	0	0	0	0	0	0	0	0	0	0	0	0	0	0	0	0	0	0	0	0	0	0	0	0	0	0	0	0	0	0	0	0	0	0	0	0	0	0	0	0	0	0	0	0	0	0	0	0	0	0	0	0	0	0	0	0	0	0	0	0	0	0	0	0	0	0	0	0	0	0	0	0	0	0	0	0	137	0	0	0	0	0	0	0	0	0	0	0	0	0	0	0	0	0	0	0	0	0	0	0	0	0	0	0	0	0	0	0	0	0	0	0	0	0	0	0	0	0	0	0	0	0	0	0	0	0	0	0	0	0	0	0	0	0	0	0	0	0	0	0	0	0	0	0	0	0	0	0	0	0	0	0	0	0	0	0	0	0	0	0	0	0	0	0	0	0	0	0	0	0	0	0	0	0	0	0	0	0	0	0	0	0	0	0	0	0	0	0	0	0	0	0	0	0	0	0	0	0	0	0	0	0	0	0	0	0	0	0	0	0	0	0	0	0	0	0	0	0	0	0	0	0	0	0	0	0	0	0	0	0	0	0	0	0	0	0	0	0	0	0	0	0	0	0	0	0	0	0	0	0	0	0	0	0	0	0	0	0	0	1875	0	0	0	0
Chromista	Bacillariophyta	Bacillariophyceae	Tabellariales	Tabellariaceae	Diatoma	Diatoma tenuis	0	0	0	0	3	1	16	209	0	0	0	17	0	0	0	0	0	0	0	0	60	0	0	27	0	0	0	0	0	0	0	0	0	0	0	0	0	0	0	0	0	1	124	563	0	0	0	0	0	0	0	0	0	8	0	0	0	0	0	0	0	0	0	0	0	0	0	0	0	0	0	0	0	0	0	0	0	0	0	0	0	0	0	0	0	0	1	0	0	0	0	4	319	130	0	0	0	0	0	120	213	69	0	0	0	4	0	0	0	0	0	0	0	0	0	0	0	0	0	0	0	0	0	13	0	0	0	0	0	0	0	0	0	0	0	0	0	0	75	0	0	0	0	26	0	0	0	0	0	0	0	0	0	0	0	0	0	0	0	0	17	351	0	0	0	0	0	0	0	0	0	0	0	0	13	0	0	0	0	0	0	0	6	0	0	0	0	0	0	0	0	0	8	20	318	587	0	44	0	0	0	0	0	0	0	9	0	0	52	0	0	0	65	0	17	0	0	0	0	0	0	3	60	68	0	0	0	0	0	0	0	0	0	0	0	0	0	0	0	0	0	8	161	472	0	0	0	0	0	0	0	0	21	0	0	0	0	0	0	0	0	0	0	0	0	0	0	0	0	0	0	0	0	0	0	0	0	0	0	0	0	0	0	0	0	0	20	529	356	0	0	0	0	0	156	199	133	0	0	9	0	0	0	0	0	0	0	0	0	0	0	0	0	0	0	0	0	0	0	0	0	0	0	0	0	0	376	0	0	0	0	21	0	0	0	0	0	0	0	0	0	0	0	0	12	86	367	0	0	0	0	0	0	0	0	0	0	0	16	0	0	0	0	0	0	0	0	4	0	0	0	0	0	0	0	21	6	1649	1637	0	0	0	0	0
Chromista	Bacillariophyta	Bacillariophyceae	Unknown	Unknown	Unknown	Unknown	9	0	0	0	41	25	1168	1558	21	17	20	15	0	0	0	0	0	0	0	0	1855	121	522	327	57	36	0	0	14	0	38	0	0	0	0	255	35	93	323	791	69	89	3068	2067	187	0	0	0	0	468	495	270	393	767	0	0	0	0	1	0	0	0	676	0	0	0	0	1282	208	86	192	108	51	20	0	1044	11	0	0	0	65	0	0	0	0	3693	0	0	0	0	21	8	917	685	932	4	0	0	165	484	444	759	130	0	0	0	0	0	0	0	0	0	0	391	17	0	98	0	1020	61	52	0	36	118	18	0	1	0	270	0	0	12	0	125	0	30	8	3	11	721	0	0	0	4	0	129	0	83	30	113	15	38	91	90	105	48	28	5	16	12	709	1535	0	0	0	0	0	0	0	23	121	492	337	236	109	40	1	0	0	37	5	12	41	1133	20	0	0	0	84	15	30	56	9	5	91	180	1354	477	0	0	0	13	0	0	0	60	141	641	1898	36	34	25	19	0	198	0	0	0	0	0	0	996	347	1951	19	61	11	13	0	0	0	0	0	0	0	14	101	105	122	2034	125	209	4555	1194	191	0	0	0	0	452	370	847	1223	0	0	0	7	0	0	0	0	0	0	224	124	115	275	19	5	4	0	678	79	0	0	0	0	0	0	0	3818	0	0	0	0	58	137	916	1081	5	0	0	0	187	630	377	1002	0	0	0	0	0	0	0	0	647	0	0	0	0	16	32	52	94	0	0	0	0	0	0	0	0	0	62	8	70	9	501	0	0	0	0	168	0	33	31	38	67	88	39	0	14	18	53	72	895	1387	0	0	0	0	0	0	0	0	23	261	479	582	121	49	7	2	0	43	9	17	38	86	0	0	0	97	58	26	34	0	148	274	3498	0	0	419	0
Chromista	Cryptophyta	Cryptophyceae	Cryptomonadales	Cryptomonadaceae	Cryptomonas	Cryptomonas sp.	0	0	0	0	57	25	199	232	0	0	0	0	0	0	0	0	0	0	0	0	121	106	138	58	0	0	0	0	0	0	0	0	0	0	0	143	0	0	0	76	220	18	102	129	325	0	0	0	0	276	35	14	18	57	0	0	0	0	0	0	0	0	526	0	0	0	0	582	0	0	0	0	0	0	0	13	0	0	0	0	132	0	0	0	0	122	0	0	0	0	83	48	179	329	185	0	0	0	173	372	254	477	3	0	0	0	0	0	0	0	0	0	0	174	0	0	0	0	340	0	0	0	0	392	0	0	0	0	196	0	0	0	0	0	0	0	12	0	0	544	0	0	0	0	0	1499	0	0	0	179	70	0	0	0	618	0	0	0	41	35	169	192	0	0	0	0	0	0	0	226	97	88	94	0	264	0	0	0	0	0	0	0	0	138	0	0	0	0	0	0	0	0	87	32	361	239	0	1128	0	0	0	0	0	0	0	111	103	259	141	0	0	0	0	0	48	0	0	0	0	0	0	39	106	292	0	0	0	0	0	0	0	0	0	0	0	0	0	0	0	95	382	18	26	235	394	0	0	0	0	39	45	0	55	0	0	0	0	0	0	0	0	0	0	0	0	0	0	0	0	0	0	19	0	0	0	0	0	0	0	0	136	0	0	0	0	194	81	91	346	0	0	0	0	142	225	324	374	0	0	0	0	0	0	0	0	213	0	0	0	0	0	0	0	0	0	0	0	0	0	0	0	0	0	20	10	0	0	580	0	0	0	0	2165	0	0	0	0	0	0	0	0	0	0	249	70	162	261	0	0	0	0	0	0	0	0	106	64	151	152	0	297	0	0	0	0	0	0	0	0	0	0	0	0	0	0	234	22	260	344	292	0	0	0	0
Chromista	Cryptophyta	Cryptophyceae	Cryptomonadales	Cryptomonadaceae	Cryptomonas	Unknown	90	0	0	0	761	886	15025	8601	1113	77	17	20	0	0	0	0	0	0	0	0	23542	4535	11814	9908	373	18139	0	5497	0	0	14466	0	0	0	0	34454	22647	0	9	32892	7494	684	6411	1646	28198	0	0	0	0	21939	5589	1856	6826	20190	0	0	0	0	1	0	0	0	27051	20	0	0	0	31693	598	43	2	0	316	0	0	18695	0	0	0	0	27962	0	0	0	0	28625	47	0	0	0	1904	846	15273	10088	28228	4	0	0	22220	16125	16039	21253	895	0	0	0	0	0	0	0	0	0	0	27258	0	0	0	0	17460	554	0	0	0	19163	159	0	0	0	18678	0	0	0	0	993	0	456	6424	0	252	19942	3	8	0	41	0	24104	0	0	0	22549	4399	15920	20507	7479	24556	5886	42	156	592	2253	15086	14716	0	0	0	0	0	0	0	16820	8833	8505	12476	7836	22034	2736	0	0	0	488	24	203	0	23988	0	0	0	0	5915	74	11944	226	559	542	15172	1370	1110	6080	0	0	0	67	0	0	0	1402	3196	18385	23413	2749	82	8	51	0	975	0	0	0	0	0	0	4371	13623	10369	207	13680	2770	0	0	0	0	0	0	0	0	18821	214	0	0	31181	11802	622	1645	2520	29910	0	0	0	0	4923	6107	2700	16695	0	0	0	0	0	0	0	0	0	0	543	71	0	0	144	0	0	0	20990	0	0	0	0	0	0	0	0	30636	0	0	0	0	5594	1964	11730	9221	0	0	0	0	15486	9655	15982	16547	0	0	0	0	0	0	0	0	28605	0	0	0	0	678	0	0	0	0	0	0	0	0	0	0	0	0	1719	3883	477	422	23324	22	0	44	11	27123	0	0	5527	9266	11275	7436	3954	13	17	328	3137	3764	5955	14582	0	0	0	0	0	0	0	0	7803	10447	6120	15540	3063	23397	233	0	0	1089	10	116	0	0	0	0	0	3943	860	7162	1872	524	7234	1311	3753	0	0	231	0
Chromista	Cryptophyta	Cryptophyceae	Pyrenomonadales	Geminigeraceae	Plagioselmis	Plagioselmis nannoplanctica	0	0	0	0	209	121	3789	6162	41	0	0	0	0	0	0	0	0	0	0	0	1814	8	399	1332	0	0	0	0	0	0	0	0	0	0	0	0	0	0	0	0	139	81	418	2259	0	0	0	0	0	0	0	184	5	344	0	0	0	0	0	0	0	0	0	0	0	0	0	0	0	0	0	0	0	0	0	0	0	0	0	0	0	0	0	0	0	0	19	0	0	0	86	144	3706	2884	0	0	0	0	0	798	1093	933	0	0	0	0	0	0	0	0	0	0	0	0	0	0	0	0	0	0	0	0	0	0	0	0	0	0	0	0	0	0	0	0	0	98	225	0	2	0	0	0	0	0	0	0	0	0	0	0	40	0	0	0	0	0	0	6	21	182	1704	2218	0	0	0	0	0	0	0	0	89	253	327	0	0	0	0	0	0	9	0	0	0	0	0	0	0	0	0	0	0	0	165	231	1277	1319	0	1717	0	0	0	0	0	0	0	388	348	2424	1932	72	0	0	0	0	329	0	0	0	0	0	0	591	747	8450	0	0	0	0	0	0	0	0	0	0	0	0	0	0	0	0	215	189	187	1044	0	0	0	0	0	0	215	0	421	0	0	0	0	0	0	0	0	0	0	0	0	0	0	0	0	0	0	0	0	0	0	0	0	0	0	0	0	0	0	0	0	210	282	2443	4648	0	0	0	0	0	877	689	1810	0	0	0	0	0	0	0	0	0	0	0	0	0	0	0	0	0	0	0	0	0	0	0	0	0	0	495	202	0	1	0	10	0	1	0	0	0	0	0	0	0	0	0	0	0	3	215	330	1084	2455	0	0	0	0	0	0	0	0	0	233	209	682	0	0	0	0	0	12	0	0	0	0	0	0	0	0	0	0	502	102	1502	2833	0	0	0	0	0
Chromista	Haptophyta	Coccolithophyceae	Prymnesiales	Chrysochromulinaceae	Chrysochromulina	Chrysochromulina sp.	0	0	0	0	8	6	255	0	0	0	0	0	0	0	0	0	0	0	0	0	0	70	66	309	0	0	0	0	0	0	0	0	0	0	0	0	4	0	0	0	16	8	398	42	0	0	0	0	0	0	5	32	164	23	0	0	0	0	0	0	0	0	0	0	0	0	0	0	0	0	8	18	0	0	0	0	0	0	0	0	0	0	0	0	0	0	0	0	0	0	3	16	67	16	0	0	0	0	62	491	81	13	0	0	0	0	0	0	0	0	0	0	0	0	0	0	0	0	0	0	0	0	0	0	0	0	0	0	0	0	0	0	0	0	0	0	0	0	0	0	0	0	0	0	0	0	0	0	0	0	0	0	0	0	0	0	0	0	0	12	60	0	0	0	0	0	0	0	0	1	72	29	4	187	0	0	0	0	0	0	0	0	0	0	0	0	0	0	0	0	0	0	0	0	0	0	0	0	0	0	0	0	0	0	0	0	46	171	0	0	0	0	0	0	43	0	0	0	0	0	0	204	272	39	0	0	0	0	0	0	0	0	0	0	0	0	0	0	0	0	49	0	301	30	3	0	0	0	0	18	53	293	48	0	0	0	0	0	0	0	0	0	0	16	0	0	0	0	0	0	0	0	0	0	0	0	0	0	0	0	0	0	0	0	0	0	50	69	28	0	0	0	0	139	498	78	62	0	0	0	0	0	0	0	0	0	0	0	0	0	0	0	0	0	0	0	0	0	0	0	0	0	0	0	0	0	0	0	0	0	0	0	0	0	0	0	0	0	0	0	0	0	0	0	25	76	0	0	0	0	0	0	0	0	0	0	247	49	22	218	0	0	0	0	0	0	0	0	0	0	0	0	0	0	0	13	4	29	0	0	0	0	0	0
Chromista	Haptophyta	Coccolithophyceae	Prymnesiales	Chrysochromulinaceae	Chrysochromulina	Unknown	0	0	0	0	0	0	261	0	0	0	0	2	0	0	0	0	0	0	0	0	0	52	63	274	0	0	0	0	0	0	0	0	0	0	0	0	0	0	0	0	0	0	375	0	0	0	0	0	0	0	0	0	142	15	0	0	0	0	0	0	0	0	0	0	0	0	0	0	4	0	0	21	0	0	0	0	0	0	0	0	0	0	0	0	0	0	0	0	0	0	0	26	80	0	0	0	0	0	70	448	90	10	0	0	0	0	0	0	0	0	0	0	0	0	0	0	0	0	0	0	0	0	0	0	0	0	0	0	0	0	0	0	0	0	0	0	0	0	0	0	0	0	0	0	0	0	0	0	0	0	0	0	0	0	0	0	0	0	0	0	42	24	0	0	0	0	0	0	0	0	89	24	0	177	0	0	0	0	0	0	0	0	0	0	0	0	0	0	0	0	0	0	0	5	14	2	0	0	0	0	0	0	0	0	0	37	40	163	0	0	0	0	0	0	38	0	0	0	0	0	0	217	296	0	0	0	0	0	0	0	0	0	0	0	0	0	0	0	0	0	44	6	305	0	0	0	0	0	0	0	69	296	30	0	0	0	0	0	0	0	0	0	0	17	0	6	0	0	0	0	0	0	0	0	0	0	0	0	0	0	0	0	0	0	0	13	65	68	0	0	0	0	0	104	555	89	0	0	0	0	0	0	0	0	0	0	0	0	0	0	0	0	0	0	0	0	0	0	0	0	0	0	0	0	0	0	13	0	0	0	0	0	0	0	0	0	0	0	0	0	0	0	0	26	30	94	36	0	0	0	0	0	0	0	0	0	269	54	17	232	0	0	0	0	0	0	0	0	0	0	0	0	0	0	0	0	0	0	7	0	0	0	0	0
Chromista	Ochrophyta	Eustigmatophyceae	Eustigmatales	Eustigmataceae	Vischeria	Vischeria sp.	0	0	0	0	0	0	0	0	0	0	0	0	0	0	0	0	0	0	0	0	0	6	17	3	0	57	0	644	0	0	1217	0	0	0	0	6	74	114	201	12	40	13	8	0	73	0	0	0	0	4	103	130	534	256	0	0	0	0	0	0	0	0	5	0	0	0	0	7	220	638	910	88	0	0	0	8	0	0	0	0	7	0	0	0	0	5	0	0	0	0	25	0	144	12	13	0	0	0	121	162	69	19	24	0	0	0	0	0	0	0	0	0	0	2	0	0	0	0	34	107	42	0	0	168	0	0	0	0	87	0	0	0	0	14	0	40	74	0	29	143	0	0	0	0	0	64	0	0	0	78	62	962	569	2605	51	137	367	350	3	0	95	65	0	0	0	0	0	0	0	91	93	157	15	173	31	222	27	0	0	0	0	0	0	17	0	0	0	0	513	95	2663	1803	4	0	61	21	0	200	0	0	0	0	0	0	0	0	5	3	0	0	0	0	0	0	0	0	0	0	0	0	0	10	4	0	0	124	242	0	0	0	0	0	0	0	0	66	3926	97	41	20	69	22	17	5	78	0	0	0	0	118	172	282	327	0	0	0	0	0	0	0	0	0	0	188	491	220	24	0	0	0	0	1	0	0	0	0	0	0	0	0	0	0	0	0	0	75	12	76	0	0	0	0	0	104	162	50	14	0	0	0	0	0	0	0	0	4	0	0	0	0	114	9	0	0	0	0	0	0	0	0	0	0	0	118	53	8	27	37	0	0	0	0	84	0	0	86	569	395	2665	77	22	107	700	15	15	54	85	0	0	0	0	0	0	0	0	40	98	99	32	120	47	44	0	0	0	0	0	0	0	0	0	0	411	606	1665	5	0	55	6	0	0	0	0	0
Chromista	Ochrophyta	Eustigmatophyceae	Eustigmatales	Monodopsidaceae	Microchloropsis	Microchloropsis gaditana	0	0	0	0	0	0	0	0	0	0	0	0	0	0	0	0	0	0	0	0	0	0	0	0	0	0	0	0	0	0	0	0	0	0	0	0	0	0	0	0	0	0	0	0	0	0	0	0	0	0	0	0	0	0	0	0	0	0	0	0	0	0	0	0	0	0	0	0	0	0	0	0	0	0	0	0	0	0	0	0	0	0	0	0	0	0	0	0	0	0	0	0	0	0	0	0	0	0	0	0	0	0	0	0	0	0	0	0	0	0	0	0	0	0	0	0	0	0	0	0	0	0	0	0	0	0	0	0	0	0	0	0	0	0	0	0	0	0	0	0	0	0	0	0	0	0	0	0	0	0	0	0	0	0	0	0	0	0	0	0	0	0	0	0	0	0	0	0	0	0	0	0	0	0	0	0	0	0	0	0	0	0	0	0	0	0	0	0	0	0	0	0	0	0	0	0	0	0	0	0	0	0	0	0	0	47	0	0	0	16	0	0	0	0	0	0	0	0	0	0	0	0	0	0	27	4	0	10	0	0	0	0	0	0	0	17	0	0	0	0	93	0	0	0	0	0	0	0	0	0	0	0	0	0	0	0	0	0	0	0	0	0	0	0	0	0	0	0	0	0	0	0	0	0	0	0	0	0	0	0	0	0	0	0	0	63	0	0	0	0	0	0	0	191	0	0	0	0	0	0	0	0	0	0	0	0	2	0	0	0	17	0	0	0	0	0	0	0	0	0	0	0	0	283	0	0	0	0	0	0	0	0	0	0	0	2	0	0	0	0	0	0	0	27	0	0	0	0	0	0	0	0	0	0	0	25	4	0	0	3	0	22	0	0	67	0	0	0	0	0	0	0	99	6	0	0	0	0	0	0	0	0	0	0
Chromista	Ochrophyta	Eustigmatophyceae	Eustigmatales	Monodopsidaceae	Unknown	Unknown	0	0	0	0	0	1	12	18	0	0	0	0	0	0	0	0	0	0	0	0	16	0	41	0	0	0	0	147	0	0	244	0	0	0	0	0	0	0	0	0	0	0	0	15	0	0	0	0	0	0	0	0	5	48	0	0	0	0	0	0	0	0	0	0	0	0	0	0	0	28	143	19	0	0	0	0	0	0	0	0	0	0	0	0	0	0	0	0	0	0	0	0	12	0	0	0	0	0	0	0	0	8	0	0	0	0	0	0	0	0	0	0	0	0	0	0	0	0	0	0	0	0	0	0	0	0	0	0	0	0	0	0	0	0	0	0	0	0	0	0	0	0	0	0	0	0	0	0	0	0	0	7	0	0	0	0	0	7	0	0	0	14	0	0	0	0	0	0	0	0	0	2	0	0	0	0	0	0	0	0	0	0	0	0	0	0	0	0	0	0	4	83	0	0	0	8	0	0	0	0	0	0	0	0	0	0	12	12	18	0	0	0	0	0	0	0	0	0	0	0	0	16	1	14	0	0	80	0	0	0	0	0	0	0	0	0	18	0	0	0	0	0	0	10	0	0	0	0	0	4	6	0	62	0	0	0	0	0	0	0	0	0	0	0	20	29	0	0	0	0	0	0	0	0	0	0	0	0	0	0	0	0	0	0	0	0	0	13	0	0	0	0	0	0	0	3	0	0	0	0	0	0	0	0	0	0	0	0	0	0	0	0	0	0	0	0	0	0	0	0	0	0	0	0	0	0	0	0	0	0	0	0	0	0	0	0	2	0	0	0	0	0	2	0	0	0	15	0	0	0	0	0	0	0	0	0	0	9	3	0	0	0	0	0	0	0	0	0	0	0	0	0	0	0	3	0	0	0	6	0	0	0	0	0
Chromista	Ochrophyta	Eustigmatophyceae	Eustigmatales	Unknown	Unknown	Unknown	0	0	0	0	0	0	20	0	80	0	0	0	0	0	0	0	0	0	0	0	0	0	12	17	0	0	0	0	0	0	23	0	0	0	0	0	0	1	0	0	4	0	24	0	0	0	0	0	0	0	6	33	90	0	0	0	0	0	0	0	0	0	0	0	0	0	0	0	12	799	729	8	0	0	0	0	0	0	0	0	0	0	0	0	0	0	0	0	0	0	0	7	219	0	0	0	0	0	19	60	98	0	0	0	0	0	0	0	0	0	0	0	0	0	0	0	0	0	0	0	0	0	0	0	0	0	0	0	0	0	0	0	0	0	0	10	0	0	0	15	0	0	0	0	0	23	0	0	0	0	5	512	74	0	6	24	0	0	0	0	34	0	0	0	0	0	0	0	0	35	85	93	0	39	10	302	6	0	0	0	0	0	0	0	0	0	0	0	124	0	156	0	0	0	16	0	0	0	0	0	0	0	0	0	0	0	0	17	0	100	0	0	0	0	3	0	0	0	0	0	0	6	16	0	0	0	0	0	0	0	0	0	0	0	0	0	203	0	0	0	13	5	11	0	0	0	0	0	0	0	26	0	0	0	0	0	0	0	0	0	0	0	0	17	813	190	18	0	0	0	0	0	0	0	0	0	0	0	0	0	0	0	0	0	0	13	10	128	0	0	0	0	0	11	61	79	0	0	0	0	0	0	0	0	0	0	0	0	0	0	0	0	0	0	0	0	0	0	0	0	0	0	0	26	1	0	0	0	0	0	0	0	34	0	0	7	300	70	0	0	0	0	0	33	0	23	0	0	0	0	0	0	0	0	0	19	76	38	0	17	0	54	0	0	0	0	0	0	0	0	0	0	103	116	105	0	0	21	0	0	0	0	0	0
Chromista	Ochrophyta	Eustigmatophyceae	Goniochloridales	Goniochloridaceae	Trachydiscus	Trachydiscus minutus	0	0	0	0	0	0	28	13	0	5	16	7	0	0	0	0	0	0	0	0	0	318	314	0	744	0	0	0	961	0	0	0	0	0	0	0	0	0	0	0	0	0	22	8	0	0	0	0	0	4	48	12	17	0	0	0	0	0	10	0	3	0	0	0	0	0	0	0	94	0	2	25	40	697	117	0	20	0	0	0	0	0	0	0	0	0	0	0	0	0	2	0	22	6	0	494	0	0	11	31	0	0	18	0	4	0	0	0	0	0	0	0	0	0	225	11	0	2	3	10	0	0	0	3	77	0	7	0	11	0	0	2	0	45	0	2	0	23	13	0	35	1	0	1	0	0	0	0	0	12	0	13	0	6	0	48	0	0	0	0	13	0	0	0	0	0	4	0	2	0	17	19	0	827	21	49	443	90	0	0	0	0	0	13	0	0	0	0	1776	1256	6	3	0	0	26	0	374	0	0	0	0	0	0	0	0	0	7	39	0	0	12	5	0	0	21	0	0	0	0	0	0	34	4	0	485	0	0	764	0	0	0	0	3	0	0	0	0	0	0	0	0	0	25	0	0	0	2	0	0	40	0	20	0	0	0	0	12	0	3	0	0	0	0	88	0	3	71	80	3514	344	115	0	0	0	0	0	0	0	0	0	0	0	0	0	0	0	8	14	0	382	0	0	0	2	77	0	0	0	0	0	0	0	0	0	0	0	229	6	0	0	0	0	0	0	0	0	0	0	0	0	0	0	0	0	0	16	6	0	0	11	17	0	0	0	0	2	71	4	0	52	0	0	8	0	0	0	0	0	0	0	0	0	0	0	0	0	15	13	0	473	54	0	9	0	0	10	0	0	0	0	0	0	29	113	0	5	0	26	5	0	0	0	0	0
Chromista	Ochrophyta	Synurophyceae	Chromulinales	Chromulinaceae	Chromulina	Chromulina sp.	0	0	0	0	3	0	0	707	0	0	0	0	0	0	0	0	0	0	0	0	274	0	3	0	0	0	0	0	0	0	0	0	0	0	0	0	0	0	0	0	0	0	0	211	0	0	0	0	0	0	0	0	0	46	0	0	0	0	0	0	0	0	0	0	0	0	0	0	0	0	0	0	0	0	0	0	0	0	0	0	0	0	0	0	0	0	0	0	0	0	0	0	91	146	0	0	0	0	0	10	42	139	0	0	0	0	0	0	0	0	0	0	0	0	0	0	0	0	0	0	0	0	0	0	0	0	0	0	0	0	0	0	0	0	0	0	0	0	0	0	0	0	0	0	0	0	0	0	0	0	1	0	0	0	0	0	0	0	0	0	128	287	0	0	0	0	0	0	0	21	0	20	87	0	0	0	0	0	0	0	0	0	0	0	0	0	0	0	0	0	0	0	2	0	1	63	0	56	0	0	0	0	0	0	0	4	0	0	290	0	0	0	0	0	3	0	0	0	0	0	0	5	4	350	0	0	0	0	0	0	0	0	0	0	0	0	0	0	0	0	0	0	0	252	0	0	0	0	0	0	0	0	57	0	0	0	0	0	0	0	0	0	0	0	0	0	0	0	0	0	0	0	0	0	0	0	0	0	0	0	0	0	0	0	0	13	4	94	128	0	0	0	0	0	13	44	184	0	0	0	0	0	0	0	0	0	0	0	0	0	0	0	0	0	0	0	0	0	0	0	0	0	0	0	0	0	0	0	0	0	0	0	0	0	0	0	0	0	0	0	0	0	0	0	0	213	492	0	0	0	0	0	0	0	0	28	0	51	249	0	0	0	0	0	0	0	0	0	0	0	0	0	0	0	0	11	0	0	91	0	0	0	0	0
Chromista	Ochrophyta	Synurophyceae	Synurales	Mallomonadaceae	Mallomonas	Unknown	0	0	0	0	24	3	453	82	0	0	0	0	0	0	0	0	0	0	0	0	44	4	47	135	0	0	0	0	0	0	0	0	0	0	0	0	0	0	0	25	31	11	97	27	28	0	0	0	0	0	0	53	73	113	0	0	0	0	0	0	0	0	8	0	0	0	0	23	0	10	0	0	0	0	0	883	0	0	0	0	154	0	0	0	0	2	0	0	0	0	28	22	79	322	0	0	0	0	3	218	192	261	0	0	0	0	0	0	0	0	0	0	0	0	0	0	0	0	0	0	0	0	0	72	0	0	0	0	19	0	0	0	0	0	0	6	0	0	0	30	0	0	0	0	0	32	0	0	0	4	7	0	0	0	0	0	0	0	70	0	21	365	0	0	0	0	0	0	0	77	13	87	243	0	59	0	0	0	0	0	0	0	0	0	0	0	0	0	0	0	0	0	23	0	109	89	0	328	0	0	0	0	0	0	0	83	36	289	33	0	0	0	0	0	24	0	0	0	0	0	0	106	104	317	0	0	0	0	0	0	0	0	0	0	0	0	0	0	0	0	83	49	19	57	30	0	0	0	0	0	89	62	33	0	0	0	0	0	0	0	0	0	0	0	0	0	0	0	0	0	0	0	0	0	0	0	0	0	0	0	0	0	0	0	0	154	79	58	354	0	0	0	0	4	271	111	174	0	0	0	0	0	0	0	0	0	0	0	0	0	0	0	0	0	0	0	0	0	0	0	0	0	0	36	0	0	0	51	0	0	0	0	21	0	0	0	0	0	0	0	0	0	0	385	15	21	321	0	0	0	0	0	0	0	0	97	24	36	267	0	43	0	0	0	0	0	0	0	0	0	0	0	0	0	0	163	13	66	125	0	0	0	0	0
Chromista	Ochrophyta	Synurophyceae	Synurales	Synuraceae	Synura	Synura echinulata	0	0	0	0	0	0	12	14	0	0	0	0	0	0	0	0	0	0	0	0	23	4	1	1	0	0	0	0	0	0	0	0	0	0	0	0	0	0	0	0	0	0	179	274	0	0	0	0	0	0	0	0	0	9	0	0	0	0	0	0	0	0	0	0	0	0	0	1	0	0	0	0	0	0	0	10	0	0	0	0	0	0	0	0	0	0	0	0	0	0	0	0	27	55	0	0	0	0	0	0	0	2	0	0	0	0	0	0	0	0	0	0	0	0	0	0	0	0	0	0	0	0	0	0	0	0	0	0	0	0	0	0	0	0	0	0	0	0	0	0	0	0	0	0	0	0	0	0	0	0	0	0	0	0	0	0	0	0	0	0	0	0	0	0	0	0	0	0	0	0	0	0	0	0	0	0	0	0	0	0	0	0	0	0	0	0	0	0	0	0	0	0	0	0	0	0	0	0	0	0	0	0	0	0	0	0	0	37	27	0	0	0	0	0	0	0	0	0	0	0	0	0	4	0	0	0	0	0	0	0	0	0	0	0	0	0	0	0	0	0	0	0	133	364	0	0	0	0	0	0	0	0	30	0	0	0	0	0	0	0	0	0	0	3	8	0	0	0	0	0	0	14	0	0	0	0	0	0	0	0	0	0	0	0	0	0	0	77	96	0	0	0	0	0	0	0	4	0	0	0	0	0	0	0	0	0	0	0	0	0	0	0	0	0	0	0	0	0	0	0	0	0	0	0	0	0	0	0	0	0	0	0	0	0	0	0	0	0	0	0	0	0	0	0	0	0	0	0	0	0	0	0	0	0	0	0	0	0	0	0	0	0	0	0	0	0	0	0	0	0	0	0	0	0	0	0	0	0	0	0	0	0	0	0
Chromista	Ochrophyta	Synurophyceae	Synurales	Synuraceae	Synura	Unknown	0	0	0	0	240	32	1219	1044	9	0	0	0	0	0	0	0	0	0	0	0	280	58	870	704	0	21	0	0	0	0	0	0	0	0	5	0	0	0	0	0	328	249	151	1138	0	0	0	0	0	0	90	417	30	219	0	0	0	0	0	0	0	0	0	0	0	0	0	0	0	0	0	0	0	0	0	0	0	0	0	325	0	0	0	0	0	0	22	0	0	0	175	57	1200	683	0	0	0	0	25	3019	3273	172	20	0	0	0	0	0	0	0	0	0	0	0	0	0	0	0	0	0	0	0	0	2	0	0	0	25	0	0	0	0	0	0	3	22	0	0	2	0	0	0	0	0	0	0	0	0	1	0	71	0	0	0	0	0	0	0	74	91	309	370	0	0	0	24	0	0	0	218	414	33	84	230	0	59	0	0	0	0	0	0	0	0	0	1832	34	3	0	0	0	0	274	16	44	327	0	4355	434	0	0	0	0	0	0	810	285	1489	328	24	0	0	0	0	193	3	0	0	0	0	0	1903	763	1050	0	25	0	0	0	0	0	0	0	0	7	0	0	0	0	0	690	786	134	860	0	0	0	0	0	61	716	19	321	0	0	0	0	0	0	0	0	0	0	0	0	0	0	0	0	0	0	0	0	0	0	94	0	0	0	0	0	0	0	0	0	893	251	1032	1086	0	0	0	0	20	3875	3294	272	0	0	0	0	0	0	0	0	0	0	0	0	0	0	0	0	0	0	0	0	4	0	0	0	0	15	166	0	0	6	0	0	0	0	0	0	0	0	0	0	0	0	0	0	0	0	855	296	476	386	0	0	0	0	7	0	0	0	244	673	79	190	44	0	9	0	0	0	0	0	0	0	9263	32	2	0	0	0	2163	10	61	480	0	0	0	0	0
Chromista	Ochrophyta	Synurophyceae	Synurales	Unknown	Unknown	Unknown	0	0	0	0	372	42	3650	3507	1	59	0	0	0	0	0	0	0	0	0	0	1463	1312	922	1724	0	220	9	0	0	0	0	5	0	0	0	69	0	22373	122	328	1461	143	2724	6369	267	0	0	0	0	2	657	886	1765	5461	0	0	0	0	0	0	0	12	73	0	0	0	0	199	0	181	12607	14412	0	0	7	11713	0	0	0	0	3914	0	0	0	0	348	9	0	0	0	292	53	2046	5458	1001	303	0	0	1685	1415	1875	7698	171	0	12	0	0	0	0	0	0	0	6	57	0	0	0	0	175	0	0	0	0	374	0	0	0	0	10	0	0	0	0	0	0	111	300	0	0	34	0	0	0	0	0	1021	0	0	0	68	87	216	0	0	0	12	0	0	365	29	2609	4067	0	0	0	0	18	0	0	12034	120	1134	3064	0	19	0	165	0	0	0	0	0	10	92	0	0	0	0	0	0	6	4	273	49	354	14849	0	1986	0	0	0	0	0	0	0	715	335	4077	1468	0	57	0	0	0	328	0	0	0	0	0	0	1726	2575	7120	0	266	0	0	0	6	1	0	0	0	0	0	1	18435	9	404	2675	218	3228	14698	252	0	0	0	0	575	296	1195	7322	0	0	0	0	0	0	2	0	0	0	15	379	5949	1932	0	0	0	0	11041	0	0	0	0	0	0	0	0	164	0	0	0	0	659	209	2849	6147	30	0	0	0	1235	1376	2253	10713	0	0	0	0	0	0	0	0	60	0	0	3	0	0	0	0	0	0	0	0	0	0	0	0	0	0	148	195	0	4	57	0	0	0	0	984	0	0	0	171	0	0	0	0	0	0	3042	122	3950	5016	0	0	0	0	0	74	0	0	11345	308	1455	6447	19	30	0	0	0	1	0	0	8	0	877	0	0	13	0	0	570	12	409	22095	0	0	0	0	0
Chromista	Ochrophyta	Synurophyceae	Unknown	Unknown	Unknown	Unknown	0	0	13	0	274	28	3351	1887	0	0	0	0	0	0	0	0	0	0	0	0	892	892	1902	770	7	0	0	0	0	0	0	83	0	0	6	190	2221	439	6936	486	580	198	9443	3237	97	0	20	0	0	90	586	23181	10627	1740	0	0	0	0	0	0	0	53	172	0	0	0	0	415	103	309	23	24	0	0	11	1815	0	0	0	0	72	0	0	0	1	188	0	0	0	0	105	25	2296	2588	623	0	0	1	897	2222	1689	739	119	0	0	0	0	0	0	0	0	0	0	54	0	2	0	0	233	0	0	4	0	3374	0	0	0	3	23	0	0	0	0	0	0	0	37	0	5	263	0	0	0	1	1	309	0	0	127	144	40	31	0	14	2401	0	4	0	174	23	3714	2220	0	0	0	2	0	0	0	1415	218	603	4305	1893	1331	77	7	0	62	0	0	2	0	851	2	4	0	0	8	0	0	1	89	0	2799	810	112	687	0	0	0	0	0	0	0	449	387	2664	937	0	0	0	0	0	268	0	27	0	0	0	0	3040	925	2132	0	0	0	0	0	0	26	0	0	6	14	1307	0	1307	1063	320	1102	407	9353	2701	117	0	0	0	0	514	20543	9742	3727	0	0	3	0	0	0	18	0	0	32	53	641	118	84	0	0	0	0	1920	0	0	0	0	0	0	0	0	100	0	0	0	0	275	63	3630	2819	0	0	0	8	909	1971	2395	1222	0	0	4	0	0	35	0	21	50	0	0	0	0	0	0	0	0	0	0	48	0	0	0	0	0	14	11	26	0	17	166	0	0	10	0	355	0	0	0	12	0	0	0	0	0	7	843	100	6348	1654	0	0	1691	3	0	10	0	0	1444	566	864	5902	755	1101	60	0	12	0	0	0	3	27	0	0	0	7	0	0	203	18	3980	968	325	0	0	0	0
Chromista	Unknown	Unknown	Unknown	Unknown	Unknown	Unknown	0	0	0	0	0	0	0	87	0	0	0	0	0	0	0	0	0	0	0	0	36	0	0	0	0	0	0	0	0	0	0	0	0	0	0	0	0	0	0	0	15	2	29	1053	136	0	0	0	0	32	7	16	256	152	0	0	0	0	0	0	0	0	7	0	0	0	0	0	0	53	272	17	0	0	0	13	0	0	0	0	45	0	0	0	0	0	2	0	0	0	5	0	0	0	0	0	0	0	0	20	0	0	1	0	0	0	0	0	0	0	0	0	0	83	0	0	0	0	3	9	0	0	0	4	0	0	0	0	384	0	0	0	0	0	0	0	0	0	0	13	0	0	0	0	0	18	0	0	0	1517	3	0	0	0	4	0	0	0	3	0	0	0	0	0	0	0	0	0	0	0	0	2	0	0	13	0	0	0	0	0	0	0	0	5	0	0	0	0	0	1	0	0	8	0	0	0	0	231	0	0	0	0	0	0	0	8	0	0	45	0	0	0	0	0	4	0	0	0	0	0	0	5	0	54	0	0	0	0	0	0	0	0	0	0	0	0	0	0	0	0	18	4	13	717	0	0	0	0	0	16	31	169	191	0	0	0	0	0	0	0	0	0	0	0	114	92	1	0	0	0	0	0	0	0	0	0	0	0	0	0	0	0	0	0	0	19	2	0	0	0	0	0	0	4	33	0	0	0	0	0	0	0	0	0	0	0	0	0	0	0	0	0	0	0	0	0	0	0	0	0	0	0	0	0	0	0	0	0	0	0	0	0	0	0	0	0	0	0	0	0	0	0	0	17	0	0	0	0	0	0	0	0	0	0	0	0	0	0	0	0	0	0	0	0	0	0	0	0	0	0	0	0	10	0	0	26	0	0	0	0	0	0	0	0
Eubacteria	Cyanobacteria	Cyanophyceae	Chroococcales	Microcystaceae	Microcystis	Unknown	91	0	0	0	40	4	116	182	5	393	222	59	0	0	0	0	0	0	0	0	20	872	200	44	5231	1067	0	590	620	56	588	0	0	0	0	10	0	0	0	11	8	136	1512	52	6	0	18	0	5	5	588	31	153	7	0	0	0	0	192	0	14	5	1	0	0	0	5	7	21	0	0	0	1646	608	388	43	18	0	0	0	6	0	0	0	0	3	0	0	0	0	25	30	328	262	8	244	0	0	92	37	155	27	151	12	25	12	0	0	0	0	28	0	589	23	2257	1611	0	4	28	17	3	0	0	54	728	0	146	0	4	0	7	4	0	194	0	2147	60	1270	333	22	770	155	237	358	118	14	23	0	0	37	22	44	384	114	2	267	2882	1629	102	22	289	81	0	0	0	2234	0	4	9	0	269	134	87	825	84	1015	667	580	0	422	35	810	19	275	179	0	0	0	206	1580	1093	396	31	48	1807	235	0	596	0	0	0	48	0	0	0	53	16	330	31	0	435	189	182	0	35	0	0	0	3	0	0	39	163	10	3894	1537	923	446	4	0	0	0	0	0	0	0	0	0	0	6	20	129	1524	191	8	0	10	0	39	776	0	316	16	0	0	0	349	47	0	0	0	0	0	23	0	0	0	1389	262	520	175	29	13	0	0	0	0	2	0	1	0	0	0	0	0	56	55	235	79	188	9	0	0	76	109	34	77	199	44	4	0	0	0	0	3	47	1874	1065	269	69	0	0	0	0	57	0	0	0	12	0	0	0	26	589	178	145	91	174	313	462	476	530	12	0	0	6	256	68	92	302	2936	1161	290	0	16	210	33	0	0	0	0	54	2	0	2	16	297	56	18	395	107	102	482	60	58	593	48	24	453	0	0	0	51	53	459	69	8	1798	102	0	0	0	0	0
Eubacteria	Cyanobacteria	Cyanophyceae	Nostocales	Aphanizomenonaceae	Aphanizomenon	Aphanizomenon flosaquae	0	0	0	0	29486	23179	1212	5076	26743	29945	2200	804	7093	5969	0	4	0	40	0	0	838	130	296	7	2	0	0	31	0	0	0	0	0	0	0	0	0	0	0	0	21728	31157	2339	4729	0	0	106	0	0	0	0	42	0	165	0	0	0	0	20752	9883	0	110	0	0	0	0	0	0	0	0	0	0	0	0	0	0	0	0	0	0	0	3	3316	0	7	0	7028	0	0	0	31167	34007	331	8573	0	0	0	0	57	440	0	591	16769	23719	26	168	0	0	0	0	3666	0	0	0	0	9	0	18	0	63	0	0	0	8	0	0	9	0	0	0	16	0	0	2094	0	12187	23646	107	4049	0	7559	26641	0	3152	41	0	0	0	0	0	20069	0	0	1678	0	0	0	2352	30756	32251	799	3728	0	0	0	22570	6184	0	18	0	62	2	33	0	0	67	2	0	0	28127	27857	0	544	0	0	0	0	0	0	0	0	0	33361	34289	5593	12088	0	167259	1643	0	0	0	0	0	0	18213	30202	374	858	14992	25861	715	2417	724	29518	0	15	0	1744	0	9	455	21	212	0	0	0	0	0	0	0	0	0	0	0	0	0	0	0	0	8936	28668	1506	1606	0	0	63	0	13	0	5	0	0	0	0	0	7257	4112	0	35	0	0	0	0	0	0	0	0	0	0	0	0	0	0	0	0	0	419	0	33	0	0	0	0	0	21894	31582	478	5307	0	0	0	0	10	217	0	180	3734	3753	488	0	0	0	0	0	0	0	17	0	15	0	0	0	0	0	0	0	0	0	0	0	0	0	7567	19166	350	4458	0	2963	7720	4927	312	0	0	0	0	0	0	1853	0	939	0	220	15675	29198	2679	3730	0	0	0	0	3129	8839	0	21	0	20	18	6	0	0	0	0	0	15455	7112	0	69	0	0	0	0	0	0	0	27419	35107	7992	3809	0	0	0	0	0
Eubacteria	Cyanobacteria	Cyanophyceae	Nostocales	Aphanizomenonaceae	Unknown	Unknown	0	0	0	0	0	0	0	191	0	0	0	0	0	0	0	0	0	0	0	0	140	0	0	0	0	0	0	0	0	0	0	0	0	0	0	0	0	0	0	0	0	0	0	0	0	0	0	0	0	0	0	0	0	0	0	0	0	0	0	0	0	0	0	0	0	0	0	0	0	0	0	0	0	0	0	0	0	0	0	0	0	0	0	0	0	0	0	0	0	0	0	0	0	0	0	0	0	0	0	0	0	0	0	0	0	0	0	0	0	0	0	0	0	0	0	0	0	0	0	0	0	0	0	0	0	0	0	0	0	0	0	0	0	0	0	0	0	0	0	0	0	0	0	60	0	0	0	0	0	0	0	0	0	0	0	0	0	0	0	0	0	0	0	0	0	0	0	0	0	0	0	0	0	0	0	0	0	0	0	0	0	0	0	0	0	0	0	0	0	0	0	0	0	0	0	0	0	35	0	0	0	0	0	0	0	0	0	115	113	0	0	0	0	0	0	0	0	0	0	0	0	0	0	72	0	0	0	0	0	0	0	0	0	0	0	0	0	0	0	0	0	0	289	167	0	0	0	0	0	0	0	0	0	0	0	0	0	0	0	0	0	0	0	0	0	0	0	0	0	0	0	0	0	0	0	0	0	0	0	0	0	0	0	0	0	0	0	114	288	0	0	0	0	0	0	0	38	0	0	0	0	0	0	0	0	0	0	0	0	0	0	0	0	0	0	0	0	0	0	0	0	0	0	0	61	57	222	0	0	0	243	98	0	0	0	0	0	0	0	0	0	0	55	0	0	0	0	0	0	0	0	0	0	0	0	0	0	0	0	0	0	0	0	0	0	0	0	0	0	0	0	0	0	0	0	0	0	400	205	0	0	0	0	0
Eubacteria	Cyanobacteria	Cyanophyceae	Nostocales	Nostocaceae	Anabaena	Anabaena sp.	0	0	0	0	73	0	22	239	13	6	282	86	146	88	0	6	8	0	0	0	47	0	0	0	0	0	0	0	0	0	0	0	0	0	0	0	0	0	0	0	43	0	89	311	0	0	0	0	0	0	0	0	0	0	0	0	0	0	32	0	0	17	0	0	0	0	0	0	0	0	0	0	0	0	22	0	0	0	0	0	0	0	0	0	4	0	73	0	0	0	47	3	28	492	0	0	0	0	0	0	0	9	49	5	15	29	0	0	0	0	26	0	0	0	0	0	0	27	0	0	0	0	0	0	0	0	28	0	0	0	11	0	0	256	0	22	23	0	498	0	9	85	0	298	49	0	0	0	0	0	53	0	0	602	0	0	0	7	29	5	492	284	0	0	0	58	0	7	82	0	0	0	2	0	0	0	0	0	0	35	10	0	10	0	0	0	0	0	0	0	0	0	297	61	3058	905	0	5061	0	0	0	0	0	0	0	35	7	18	53	0	10	154	222	12	0	4	32	0	0	0	0	0	1	8	0	0	16	0	0	0	0	0	0	0	0	0	0	0	0	0	20	2	100	153	0	0	0	0	3	0	0	0	0	0	0	0	19	0	0	15	0	0	0	0	0	0	0	0	0	0	0	0	0	0	0	0	0	0	18	23	0	0	0	0	0	32	15	12	383	0	0	0	0	0	0	0	10	16	0	63	0	0	0	0	0	0	0	0	0	0	0	0	0	0	0	0	0	0	8	0	0	0	0	35	0	77	760	0	21	17	0	16	0	0	0	0	0	0	336	0	0	0	1	55	10	16	268	0	0	0	0	26	0	9	0	0	0	0	73	0	0	0	0	0	32	0	0	27	0	0	0	0	0	0	0	249	57	2481	368	0	0	0	0	0
Eubacteria	Cyanobacteria	Cyanophyceae	Nostocales	Nostocaceae	Nostoc	Unknown	0	0	0	0	0	0	0	0	0	0	0	0	0	0	0	0	0	0	0	0	0	0	0	0	0	0	0	0	0	0	0	0	0	0	0	0	0	0	0	0	0	0	0	0	0	0	0	0	0	0	0	0	0	0	0	0	0	0	0	0	0	0	0	0	0	0	0	0	0	0	0	0	0	0	0	0	0	0	0	0	0	0	0	0	0	0	0	0	0	0	0	0	0	0	0	0	0	0	0	0	0	0	0	0	0	0	0	0	0	0	0	0	0	0	0	0	0	0	0	0	0	0	0	0	0	0	0	0	0	0	0	0	0	0	0	0	0	0	0	0	0	0	0	0	0	0	0	0	0	0	0	0	0	0	0	0	0	0	0	0	0	0	0	0	0	0	0	0	0	0	0	0	0	0	0	0	0	0	0	0	0	0	0	0	0	0	0	0	0	0	0	0	0	0	0	0	0	590	0	0	0	0	0	0	0	0	0	0	0	0	0	0	0	0	0	0	0	0	0	0	0	0	0	0	0	0	0	0	0	0	0	0	0	0	0	0	0	0	0	0	0	0	0	0	0	0	0	0	0	0	0	0	0	0	0	0	0	0	0	0	0	0	0	0	0	0	0	0	0	0	0	0	0	0	0	0	0	0	0	0	0	0	0	0	0	0	0	0	0	0	0	0	0	0	0	0	0	0	0	0	0	0	0	0	0	0	0	0	0	0	0	0	0	0	0	0	0	0	0	0	0	0	0	0	0	0	0	0	0	0	0	0	0	0	0	0	0	0	0	0	0	0	0	0	0	0	0	0	0	0	0	0	0	0	0	0	0	0	0	0	0	0	0	0	0	0	0	0	0	0	0	0	0	0	0	0	0	0	0	0	0	0	0	0
Eubacteria	Cyanobacteria	Cyanophyceae	Nostocales	Nostocaceae	Unknown	Unknown	0	0	0	0	0	0	0	0	0	0	0	0	0	0	0	0	0	0	0	0	0	0	0	0	0	0	0	0	0	0	0	0	0	0	0	0	0	0	0	0	0	0	0	0	0	0	0	0	0	0	0	0	0	0	0	0	0	0	0	0	0	0	0	0	0	0	0	0	0	0	0	0	0	0	0	0	0	0	0	0	0	0	0	0	0	0	0	0	0	0	0	0	0	0	0	0	0	0	0	0	0	0	0	0	0	0	0	0	0	0	0	0	0	0	0	0	0	0	0	0	0	0	0	0	0	0	0	0	0	0	0	0	0	0	0	0	0	0	0	0	0	0	0	0	0	0	0	0	0	0	0	0	0	0	0	0	0	0	0	0	0	0	0	0	0	0	0	0	0	0	0	0	0	0	0	0	0	0	0	0	0	0	0	0	0	0	0	0	0	0	0	0	0	0	0	0	0	295	0	0	0	0	0	0	0	0	0	0	0	0	0	0	0	0	0	0	0	0	0	0	0	0	0	0	0	0	0	0	0	0	0	0	0	0	0	0	0	0	0	0	0	0	0	0	0	0	0	0	0	0	0	0	0	0	0	0	0	0	0	0	0	0	0	0	0	0	0	0	0	0	0	0	0	0	0	0	0	0	0	0	0	0	0	0	0	0	0	0	0	0	0	0	0	0	0	0	0	0	0	0	0	0	0	0	0	0	0	0	0	0	0	0	0	0	0	0	0	0	0	0	0	0	0	0	0	0	0	0	0	0	0	0	0	0	0	0	0	0	0	0	0	0	0	0	0	0	0	0	0	0	0	0	0	0	0	0	0	0	0	0	0	0	0	0	0	0	0	0	0	0	0	0	0	0	0	0	0	0	0	0	0	0	0	0
Eubacteria	Cyanobacteria	Cyanophyceae	Nostocales	Unknown	Unknown	Unknown	0	0	0	0	0	0	240	563	0	0	446	276	0	0	0	0	0	0	0	0	21	0	0	0	0	0	0	0	0	0	0	0	0	0	0	0	0	0	0	0	0	0	299	357	0	0	0	0	0	0	0	0	0	81	0	0	0	0	0	0	0	0	0	0	0	0	0	0	0	0	0	0	0	0	0	0	0	0	0	0	0	0	0	0	0	0	0	0	0	0	0	0	77	1016	0	0	0	0	0	0	0	261	0	0	0	0	0	0	0	0	0	0	0	0	0	0	0	0	0	0	0	0	0	0	0	0	0	0	0	0	0	0	0	411	0	0	0	0	927	0	0	0	0	352	0	0	0	0	0	0	0	0	0	306	0	0	0	547	0	0	281	967	0	0	0	0	0	0	0	0	0	0	0	0	0	0	0	0	0	0	0	0	143	0	0	0	0	0	0	0	0	0	0	0	987	2021	0	479	0	0	0	0	0	0	0	0	0	0	42	0	0	124	604	0	0	0	0	0	0	0	0	0	0	48	0	0	0	0	0	0	0	0	0	0	0	0	0	0	0	0	0	0	164	159	0	0	0	0	0	0	0	0	0	0	0	0	0	0	0	15	0	0	0	0	0	0	0	0	0	0	0	0	0	0	0	0	0	0	0	0	0	0	0	0	0	0	0	0	738	0	0	0	0	0	0	0	15	0	8	200	0	0	0	0	0	0	0	0	0	0	0	0	0	0	0	0	0	0	0	0	0	0	0	0	0	0	453	0	0	0	514	0	0	0	0	0	0	0	0	0	0	0	0	0	14	255	760	0	0	0	0	0	0	0	0	0	0	0	0	0	0	0	0	0	0	0	0	33	0	0	0	0	0	0	0	0	0	812	502	0	0	0	0	0
Eubacteria	Cyanobacteria	Cyanophyceae	Synechococcales	Chamaesiphonaceae	Chamaesiphon	Chamaesiphon minutus	0	0	0	0	0	0	0	0	0	0	0	0	0	0	0	0	0	0	0	0	0	0	0	0	0	0	0	0	0	0	0	0	0	0	0	0	0	0	0	0	0	0	0	0	0	0	0	0	0	0	0	0	0	0	0	0	0	0	0	0	0	0	0	0	0	0	0	0	0	0	0	0	0	0	0	0	0	0	0	0	0	0	0	0	0	0	0	0	0	0	0	0	0	0	0	0	0	0	0	0	0	0	0	0	0	0	0	0	0	0	0	0	0	0	0	0	0	0	0	0	0	0	0	0	0	0	0	0	0	0	0	0	0	0	0	0	0	0	0	0	0	0	0	0	0	0	0	0	0	0	0	0	0	0	0	0	0	0	0	0	0	0	0	0	0	0	0	0	0	0	0	0	0	0	0	0	0	0	0	0	0	0	215	0	0	0	0	0	0	0	0	77	0	0	0	2	0	0	0	0	0	0	0	0	0	0	0	0	0	0	0	0	0	0	0	0	0	0	0	0	0	0	0	0	0	0	0	0	0	0	0	0	0	0	0	0	0	0	0	0	0	0	0	0	0	0	0	0	0	0	0	0	0	0	0	0	0	0	0	0	0	0	0	0	0	0	0	0	0	0	0	0	0	0	0	0	0	0	0	0	0	0	0	0	0	0	0	0	0	0	0	0	0	0	0	0	0	0	0	0	0	0	0	0	0	0	0	0	0	0	0	0	0	0	0	0	0	0	0	0	0	0	0	0	0	0	0	0	0	0	0	0	0	0	0	0	0	0	0	0	0	0	0	0	0	0	0	0	0	0	0	0	0	0	0	0	0	0	0	0	0	0	0	0	0	0	0	0	0	0	0	0	0	0	0	0	0	0	0	0	0	0	0	0
Eubacteria	Cyanobacteria	Cyanophyceae	Synechococcales	Leptolyngbyaceae	Leptolyngbya	Leptolyngbya sp.	0	0	0	0	0	0	0	0	0	0	0	0	0	0	0	0	0	0	0	0	0	0	0	0	0	0	0	0	0	0	0	0	0	0	0	0	0	0	0	0	0	0	0	0	0	0	0	0	0	0	0	0	0	0	0	0	0	0	0	0	0	0	0	0	0	0	0	0	0	0	0	0	0	0	0	0	0	0	0	0	0	0	0	0	0	0	0	0	0	0	0	0	0	0	0	0	0	0	0	0	0	0	0	0	0	0	0	0	0	0	0	0	0	0	0	0	0	0	0	0	0	0	0	0	0	0	0	0	0	0	0	0	0	0	0	0	0	0	0	0	0	0	0	0	0	0	0	0	0	0	0	0	0	0	0	0	0	0	0	0	0	0	0	0	0	0	0	0	0	0	0	0	0	0	0	0	0	0	0	0	0	0	0	0	0	0	0	0	0	0	0	0	0	0	0	0	0	259	0	0	0	0	0	0	0	0	0	0	0	0	0	0	0	0	0	0	0	0	0	0	0	0	0	0	0	0	0	0	0	0	0	0	0	0	0	0	0	0	0	0	0	0	0	0	0	0	0	0	0	0	0	0	0	0	0	0	0	0	0	0	0	0	0	0	0	0	0	0	0	0	0	0	0	0	0	0	0	0	0	0	0	0	0	0	0	0	0	0	0	0	0	0	0	0	0	0	0	0	0	0	0	0	0	0	0	0	0	0	0	0	0	0	0	0	0	0	0	0	0	0	0	0	0	0	0	0	0	0	0	0	0	0	0	0	0	0	0	0	0	0	0	0	0	0	0	0	0	0	0	0	0	0	0	0	0	0	0	0	0	0	0	0	0	0	0	0	0	0	0	0	0	0	0	0	0	0	0	0	0	0	0	0	0	0
Eubacteria	Cyanobacteria	Cyanophyceae	Synechococcales	Leptolyngbyaceae	Leptolyngbya	Unknown	0	0	0	0	0	0	0	0	9	18	4	1	74	0	0	0	0	0	0	0	0	11	2	0	13	3	0	0	19	0	0	0	96	0	0	13	33	5	0	2	0	0	1	0	49	9	0	0	0	25	64	0	0	0	6	2	0	0	12	1	0	0	0	7	0	0	0	0	33	6	12	11	0	0	0	0	17	0	0	0	0	6	0	0	0	7	14	0	0	0	0	0	2	0	0	2	0	0	9	6	3	0	32	2	6	0	5	0	0	0	7	0	0	18	9	0	0	0	176	11	0	0	0	84	26	0	0	0	14	0	0	61	0	147	0	34	7	0	33	59	2	0	0	0	0	12	0	0	4	38	4	4	30	39	47	10	0	0	0	0	0	0	41	0	0	10	0	0	0	0	3	0	7	18	25	11	2	0	0	0	17	45	50	0	30	57	663	12	51	2	0	5	0	0	0	0	0	0	0	0	0	0	0	0	0	0	0	1	0	0	14	0	0	10	0	0	0	0	0	0	0	0	0	0	0	0	0	0	0	0	0	37	0	0	0	7	17	2	0	0	0	0	2	0	31	0	0	0	0	15	0	0	0	2	0	0	2	4	0	0	0	0	0	7	4	14	0	0	0	0	0	0	1	0	0	0	0	0	0	0	0	26	0	0	0	0	0	2	0	0	2	0	0	0	10	0	0	2	0	0	0	0	0	0	0	3	0	2	0	0	0	0	2	0	0	0	0	0	0	0	0	0	0	18	7	114	21	12	0	0	0	0	9	0	1	6	7	14	5	0	0	0	3	0	0	0	0	5	0	0	0	0	0	0	0	0	7	2	0	0	20	0	0	0	0	31	18	34	9	34	219	6	0	14	0	0	0	0	0	0	0	0	0	0
Eubacteria	Cyanobacteria	Cyanophyceae	Synechococcales	Leptolyngbyaceae	Neosynechococcus	Neosynechococcus sphagnicola	4	0	0	0	23	0	0	0	27	1	0	0	13	0	0	0	0	0	0	0	0	60	19	0	20	3	0	0	13	4	0	0	53	26	0	0	7	0	9	0	0	18	15	0	0	0	0	0	0	0	89	42	55	8	18	0	0	0	2	0	0	0	0	28	0	0	0	0	155	53	48	56	0	0	0	0	36	0	0	0	0	0	0	0	0	0	0	0	0	0	2	0	16	0	0	0	0	0	27	12	2	0	29	0	0	0	0	0	0	0	1	0	0	0	5	0	8	0	0	13	24	0	0	0	44	48	0	0	0	0	0	6	0	43	0	56	55	0	34	0	0	0	0	26	0	0	0	3	0	0	0	14	16	52	0	9	4	32	11	5	34	2	3	0	0	17	66	0	0	0	150	104	63	6	0	56	5	112	0	0	88	492	10287	0	252	1483	530	59	20	10	0	1263	0	0	0	0	0	0	621	0	0	0	0	0	0	12	0	0	0	0	0	0	0	0	0	0	0	0	0	0	0	1	3	0	0	12	0	0	0	0	0	0	0	0	0	0	120	3	5	0	0	13	21	11	0	0	0	0	0	32	41	57	7	3	0	0	3	4	0	2	4	0	0	49	36	26	35	3	7	0	0	0	17	2	0	0	0	0	0	0	0	0	0	0	0	0	0	18	0	0	0	0	0	7	13	0	0	0	0	0	0	0	0	0	0	0	0	0	0	0	0	22	6	0	13	40	0	0	0	0	0	0	0	24	126	369	8	0	0	4	0	3	0	0	0	0	39	27	19	0	8	30	9	0	6	37	0	2	0	0	0	0	30	0	0	0	101	67	14	0	0	1	25	16	6	188	179	5030	60	1560	144	36	0	5	0	0	0	5	0	0	0	0	0	96
Eubacteria	Cyanobacteria	Cyanophyceae	Synechococcales	Leptolyngbyaceae	Romeria	Romeria chlorina	21	0	0	0	21	0	53	61	7	31	13	37	2157	6	0	0	22	0	0	0	15	215	101	41	95	251	3	94	150	0	70	0	43	0	0	9	7	550	587	9	15	101	1067	657	0	0	0	0	0	23	306	277	123	132	3	0	0	0	15	4	3	0	23	4	0	0	0	8	487	280	390	1303	0	4	0	76	36	0	0	0	0	7	6	0	0	11	0	0	0	0	24	12	298	82	21	16	0	0	149	144	219	81	149	0	5	6	0	0	0	0	0	0	4	18	6	3	128	2	19	106	80	175	75	13	11	4	200	187	5	0	129	71	0	148	0	4	0	26	102	41	1	7	95	159	656	8	109	946	4027	8	18	348	247	347	0	6	152	532	2	0	576	188	0	0	0	180	2	0	0	0	205	431	821	55	41	291	111	16	0	0	15	13	18	11	56	14	166	63	69	103	56	104	15	13	111	50	0	81	0	0	0	12	0	0	0	30	1	18	20	0	44	3	108	2118	0	0	3	0	0	0	0	54	104	83	13	207	86	83	0	0	0	92	0	0	0	19	668	454	271	8	13	146	1714	1029	2	0	0	0	0	280	207	232	121	0	4	0	26	0	7	1	8	0	0	421	188	267	415	12	2	0	0	37	60	1	0	0	0	0	0	0	0	0	0	0	0	22	23	215	57	0	0	0	0	82	169	111	50	117	0	9	0	0	0	0	0	9	7	3	0	0	0	47	59	132	0	1	88	34	25	35	0	0	0	14	14	95	118	6	0	0	4	9	3	60	414	3	507	240	241	2	15	56	372	0	15	485	58	0	0	0	0	138	0	0	0	6	62	337	223	0	43	15	8	1	7	77	8	7	82	11	46	26	10	119	36	22	0	136	16	0	0	0	0	0
Eubacteria	Cyanobacteria	Cyanophyceae	Synechococcales	Leptolyngbyaceae	Unknown	Unknown	545	78	15	0	195	0	68	137	418	651	336	1797	544	1181	0	8	32	2	0	0	30	3250	2630	170	1242	834	47	422	699	963	298	4	1422	1034	24	0	471	665	11113	0	124	497	573	39	6	145	0	0	0	8	4148	1062	1838	2410	1066	486	11	40	424	514	47	153	0	160	0	0	0	0	7352	2294	799	3911	998	1399	1265	0	2866	169	16	7	0	155	132	57	2	0	35	1	0	0	77	45	1569	179	9	219	197	15	805	637	696	280	901	78	26	2	229	0	0	0	127	0	346	12	467	677	746	157	7	1035	463	301	239	15	1811	700	379	35	0	0	56	494	0	452	0	905	85	186	266	33	132	354	931	7275	3048	0	303	1774	541	0	136	198	277	429	0	204	3104	3543	243	72	419	389	0	0	0	76	372	26	26	37	1150	1254	7563	107	8	346	569	2923	897	375	1593	8642	713	4	2333	4056	1240	211	1281	3281	181	207	0	0	49	7	0	16	1362	0	0	66	2	4	0	76	15	68	21	200	651	109	1409	33	65	0	23	0	0	0	0	200	424	199	179	457	139	71	464	56	8	589	144	0	10	91	2231	431	15597	0	46	660	514	191	0	0	0	0	0	1001	529	1929	438	235	88	3	170	763	25	402	9	0	0	2000	1734	420	2121	149	449	428	1880	0	426	149	0	0	30	48	66	13	0	5	0	0	0	71	103	2174	58	28	196	86	5	113	2083	310	73	4	61	38	0	0	0	0	0	0	124	497	127	66	0	375	302	112	82	732	306	0	56	0	0	0	0	266	837	3199	107	0	8	1096	44	1185	0	169	418	36	508	197	282	12	1868	1440	972	4	114	960	126	0	0	0	0	0	97	5	3	75	519	593	313	7	0	0	873	640	116	6697	1088	234	340	2544	340	128	22	1873	56	0	0	77	5	0	0	0	0	0
Eubacteria	Cyanobacteria	Cyanophyceae	Synechococcales	Prochlorotrichaceae	Nodosilinea	Nodosilinea nodulosa	27	0	0	0	33	0	0	0	19	0	0	0	0	0	0	0	0	0	0	0	0	329	92	4	67	38	0	6	18	12	7	0	20	0	0	0	29	36	188	0	1	20	0	0	0	0	0	0	0	0	131	40	0	0	44	6	0	0	3	0	0	0	0	0	0	0	0	0	367	114	84	117	39	9	5	0	55	3	0	0	0	3	0	0	0	0	0	0	0	0	8	0	26	2	0	10	2	0	37	24	15	5	31	0	0	0	9	0	0	0	0	0	0	0	11	0	22	0	0	45	10	0	14	0	33	3	0	0	0	0	0	16	0	8	0	52	7	0	3	0	0	0	0	0	0	0	14	58	10	0	6	9	8	11	0	6	15	16	7	4	20	1	0	0	0	0	0	0	0	0	54	51	83	6	0	13	7	16	0	20	8	2	0	0	72	48	10	0	40	157	5	5	0	0	0	0	0	0	0	0	0	19	0	0	0	44	0	0	0	44	2	0	0	0	4	0	0	0	0	0	0	25	30	0	33	41	12	14	2	0	0	34	0	0	0	40	116	40	279	0	19	22	2	5	0	0	0	0	0	169	18	0	0	59	0	0	20	0	0	0	0	0	0	435	211	35	89	32	13	0	6	0	69	2	0	0	0	0	0	0	0	0	0	0	0	23	2	41	0	6	0	0	0	29	83	13	0	0	0	0	0	0	0	0	0	0	7	0	0	0	0	4	13	15	0	5	0	0	0	0	0	0	0	63	19	50	0	0	0	0	0	0	0	8	15	0	30	13	11	0	50	13	10	3	9	78	2	0	0	0	0	2	0	0	0	11	71	47	14	9	0	3	14	0	14	32	0	0	30	19	2	0	8	54	5	0	0	0	0	0	0	0	0	0
Eubacteria	Cyanobacteria	Cyanophyceae	Synechococcales	Synechococcaceae	Anathece	Anathece minutissima	3404	12371	30450	32278	2635	67	943	128	1824	527	1358	4220	7210	1545	187	75	514	4	54	3	38	9842	10201	125	3359	508	4599	823	8953	5650	95	14726	3014	3417	2070	8	6110	199	1112	0	703	1389	676	79	0	2947	592	920	381	44	3421	2891	3694	477	4597	1042	1114	333	2401	753	5056	8075	9	4601	89	1	0	7	7300	15518	2489	2246	3071	2302	4197	8	3412	1487	4818	9076	7	7504	2760	9765	30092	11	9730	220	174	58	680	152	2014	159	22	5570	6617	25610	1855	1277	466	92	1408	2080	21365	32699	18975	3034	65	32	1301	212	7937	16	1079	1663	11955	24371	86	12654	3986	229	442	1077	2018	1402	13253	54	43	25	32671	2681	5504	6058	18	4394	191	1542	1088	31	17053	211	6918	2249	20429	22	2357	934	177	5	1147	835	533	525	13	17414	755	950	1192	296	1404	106	1615	73	73	2192	3829	26978	31620	1263	13179	6888	1581	1771	163	2506	1996	4565	19705	781	584	256	761	53	2954	1245	2580	276	1215	1071	32	182	407	374	2131	152	0	5639	182	63	5	1689	11281	34148	30588	5033	140	679	24	2290	531	1515	2099	6662	332	1002	199	400	184	54	0	7394	491	51	1616	673	398	5912	5368	21093	13541	4126	5516	1970	106	3059	7353	171	784	3	818	1208	1223	154	0	5696	1149	688	307	1747	984	3200	189	3537	932	122	2776	990	3931	6771	6986	116	29	4061	10221	1756	1140	851	2305	1212	2556	6	5824	1681	3983	5266	5384	1439	11979	24238	0	13275	98	118	87	1842	182	2636	16	2750	1461	5503	21874	873	1764	331	63	966	2758	28870	14026	3486	133	3697	328	10	524	636	6597	24212	6942	5255	14658	492	505	2433	278	25	22802	2090	1462	61	65	4839	1650	4084	429	56	15415	414	3958	892	15	2266	352	921	1336	348	383	13186	1198	450	488	711	448	1807	45	3541	440	112	33	4520	1193	25453	32382	982	4184	3965	177	719	219	226	10866	23912	1131	1418	135	278	642	862	867	412	87	487	22	1447	27	4984	46	470	0	14	0	327
Eubacteria	Cyanobacteria	Cyanophyceae	Synechococcales	Synechococcaceae	Unknown	Unknown	9	0	0	0	0	0	0	0	0	12	4	2	0	0	0	0	0	0	0	0	0	32	12	0	314	80	0	0	46	157	6	0	0	0	0	0	33	0	0	0	0	4	0	0	0	0	0	0	0	0	89	0	0	0	54	0	0	0	12	9	0	0	0	0	0	0	0	0	75	41	15	27	94	36	0	0	72	7	0	0	0	7	0	0	0	0	0	0	0	0	3	0	7	0	0	36	0	0	6	10	0	0	9	0	0	0	21	0	0	0	6	0	0	0	20	25	11	0	0	72	22	0	0	0	53	0	0	0	0	0	0	10	0	5	0	12	0	0	0	0	15	64	0	2	0	0	3	19	0	0	2	4	7	0	0	6	74	34	5	0	0	0	0	0	0	0	0	0	0	0	27	0	22	12	0	21	51	90	0	17	6	4	0	0	303	16	0	0	62	70	0	0	0	0	0	0	0	0	0	0	0	0	0	0	0	0	0	0	0	0	27	0	0	0	0	0	0	0	0	0	0	1	0	0	207	62	0	36	15	0	0	0	0	0	0	27	58	0	0	0	0	1	0	0	0	0	0	0	0	45	8	0	0	67	0	0	41	0	0	0	0	0	0	61	22	41	217	57	105	26	0	0	8	4	0	0	0	0	0	0	0	0	0	0	0	0	1	4	0	26	65	0	0	5	39	0	0	0	0	0	0	0	0	0	0	0	17	25	0	0	3	21	6	0	0	0	0	0	0	0	0	0	0	9	3	10	0	0	0	126	0	9	0	0	10	3	44	0	0	0	64	60	13	0	0	5	0	0	0	0	0	0	4	0	0	25	15	4	0	0	0	0	22	0	15	53	3	0	15	12	0	0	0	11	0	0	0	0	0	0	0	0	0	0
Eubacteria	Cyanobacteria	Cyanophyceae	Synechococcales	Unknown	Unknown	Unknown	910	10	0	0	126	0	11	3	2673	1004	71	73	471	28	0	0	0	0	0	0	1	1562	605	7	1193	567	0	126	1107	559	52	0	2058	58	0	0	513	130	388	0	118	183	47	0	0	0	0	2	0	5	3313	423	482	452	4840	15	0	0	764	47	0	0	11	12	1	0	0	0	1526	536	279	1138	2388	34	25	10	11503	138	0	0	0	107	0	0	0	0	4	8	0	0	56	6	284	6	9	373	1	0	717	197	110	8	558	33	0	0	668	0	0	0	159	0	17	13	1740	364	739	0	7	1001	1534	67	194	49	2579	91	53	2	7	0	1	1184	0	252	0	3285	156	63	77	14	330	390	142	1300	450	1	447	4037	818	2	166	238	430	358	0	421	3449	5794	600	26	156	31	0	0	0	88	210	4	1	95	420	399	1355	74	6	353	594	4005	276	1395	1852	370	1391	0	8088	5031	107	24	1158	3093	38	224	17	5	172	43	0	1415	875	0	0	86	0	0	0	59	7	0	0	1336	1012	18	85	80	74	0	0	0	0	0	0	57	91	1	298	471	52	136	397	6	0	810	9	0	0	98	2574	86	329	0	65	194	173	8	0	0	0	0	0	767	426	832	74	706	24	0	232	42	0	5	0	0	0	390	889	119	645	377	455	50	32	10	387	76	0	0	25	0	0	0	0	0	0	0	0	14	35	379	4	69	186	1	0	81	970	81	0	32	21	0	0	0	0	0	0	8	329	271	6	1	81	1954	216	79	32	514	52	0	16	0	0	0	0	762	1190	3505	29	0	22	939	2	254	0	341	1034	95	900	197	195	105	5122	1657	2160	21	43	343	19	0	0	0	0	8	38	0	0	100	213	184	99	9	0	7	703	277	462	5319	89	7	757	3677	26	5	56	1683	12	0	0	10	0	0	0	0	0	0
Eubacteria	Cyanobacteria	Cyanophyceae	Unknown	Unknown	Unknown	Unknown	0	0	0	0	6	0	12	16	63	0	14	0	0	0	0	0	0	0	0	0	9	137	33	113	179	56	0	4	10	20	0	0	0	0	0	0	17	10	8	0	0	1	38	29	27	0	0	0	0	35	156	36	197	121	11	0	0	0	5	0	0	4	22	0	0	0	0	15	283	34	161	129	71	7	2	0	23	0	0	0	5	0	0	0	0	4	0	0	0	0	10	2	115	28	23	12	0	0	79	38	75	16	19	0	0	0	0	0	0	0	0	0	0	4	9	8	11	0	8	135	8	0	8	43	16	0	0	0	9	0	0	0	0	52	0	133	51	0	44	11	0	0	0	33	0	7	0	27	19	15	3	84	37	63	4	12	21	39	14	5	41	53	0	0	0	0	0	0	0	0	105	169	36	26	6	0	6	6	6	68	0	35	6	9	66	15	0	0	12	56	5	7	0	0	534	62	0	0	0	0	0	4	0	0	0	15	6	49	9	745	0	0	0	0	0	0	0	0	0	0	0	50	208	26	231	48	0	26	0	0	0	0	0	0	0	34	40	5	0	0	94	3	64	34	15	0	0	0	0	180	54	226	70	17	0	0	37	0	0	0	0	0	0	1009	52	149	95	21	19	0	0	0	0	0	0	0	14	0	0	0	0	0	0	0	0	80	5	82	8	0	0	0	0	720	58	56	0	0	0	0	0	0	0	0	0	6	8	1	0	0	652	11	0	0	0	0	0	0	0	0	0	0	0	1183	156	19	29	27	30	0	0	0	0	0	0	22	91	6	45	69	0	0	3	370	28	105	4	0	0	0	0	0	0	0	0	50	93	49	20	51	0	0	0	0	582	69	16	0	0	0	0	0	63	5	1	18	0	61	11	0	0	0	0	0
Plantae	Charophyta	Zygnematophyceae	Desmidiales	Desmidiaceae	Unknown	Unknown	156	19	0	0	15	4	0	0	31	38	144	77	1	0	0	0	0	0	0	0	0	432	145	10	130	49	18	68	91	134	40	0	0	0	0	0	24	27	70	2	13	25	116	21	0	0	0	0	0	1	223	103	188	18	34	5	0	0	17	12	21	22	0	0	0	0	0	0	450	180	97	140	64	46	16	22	68	0	0	0	0	52	4	1	0	0	0	0	0	0	0	0	73	0	0	86	9	15	27	47	36	13	41	0	0	0	14	0	0	0	0	0	0	0	9	0	12	0	0	42	14	0	0	52	45	0	0	0	0	0	0	19	0	32	0	17	0	59	95	0	9	17	0	301	0	0	16	68	71	0	7	7	68	46	0	21	130	13	27	0	10	4	0	0	0	3	0	0	0	0	120	90	56	127	13	40	88	185	0	11	0	0	0	0	96	28	97	10	56	210	0	0	0	0	107	18	0	90	0	0	0	124	10	0	0	29	16	43	0	58	59	65	92	0	43	0	0	0	0	0	0	50	21	0	123	183	34	89	49	9	0	9	0	0	0	17	153	35	112	4	42	40	176	0	0	0	0	0	0	213	23	121	25	54	0	0	31	7	0	25	0	0	0	498	282	151	952	31	208	49	36	0	124	0	0	0	57	8	0	0	0	0	0	0	0	7	9	90	0	52	70	10	5	32	145	43	22	0	0	0	0	0	0	0	0	0	0	0	0	0	0	7	8	0	0	0	0	0	0	0	0	0	0	0	1	14	48	0	3	14	58	156	0	15	42	8	77	73	36	13	26	145	69	3	4	13	16	0	0	0	0	0	0	0	0	32	51	95	28	65	14	3	39	13	6	0	0	1	90	6	36	21	20	34	0	26	0	245	37	0	0	0	0	0
Plantae	Charophyta	Zygnematophyceae	Desmidiales	Unknown	Unknown	Unknown	12	0	0	0	0	0	0	76	0	0	0	29	0	0	0	0	0	0	0	0	12	105	53	0	86	72	0	3408	0	0	469	0	0	0	0	0	0	29	42	0	0	0	96	0	0	0	0	0	0	0	27	156	2738	66	0	0	0	0	0	0	0	0	1	0	0	0	0	0	65	0	37	252	3	4	0	8	39	0	0	0	3	0	0	0	0	1	0	0	0	0	0	0	9	0	2	0	0	0	0	0	12	7	17	0	0	0	0	0	0	0	0	0	0	0	0	0	0	0	2	0	0	0	0	0	0	0	0	0	0	0	0	0	0	0	0	0	0	0	0	2	0	0	0	0	0	0	0	0	0	0	0	0	0	19	0	0	4	0	0	0	0	0	0	0	0	0	0	0	0	0	14	0	9	110	0	0	0	0	0	0	0	0	0	8	0	0	0	0	79	819	90	411	0	0	0	0	0	0	0	0	0	7	0	0	0	0	0	24	19	0	0	0	29	0	0	0	0	0	0	0	0	33	4	0	94	153	1754	0	0	0	0	0	0	0	0	0	54	59	48	0	0	27	158	0	0	0	0	0	0	29	29	2223	64	0	0	0	0	0	0	0	0	0	0	41	0	46	1713	13	4	0	0	14	0	6	0	0	0	0	0	0	0	0	0	0	0	0	0	11	0	0	0	0	0	0	24	0	0	0	0	0	0	0	0	0	0	0	0	0	0	0	0	0	0	0	0	0	0	0	0	0	0	0	0	0	0	0	0	0	0	0	0	0	0	0	0	0	0	0	0	0	0	0	0	0	0	0	0	0	0	0	0	0	0	0	0	0	2	0	0	43	0	0	0	0	0	0	0	0	0	0	0	0	0	75	43	0	0	0	0	0	0	0	0	0
Plantae	Chlorophyta	Chlorophyceae	Chlamydomonadales	Chlamydomonadaceae	Sphaerellopsis	Sphaerellopsis gelatinosa	0	0	0	0	11	0	18	0	111	0	0	0	0	0	0	0	0	0	0	0	34	96	80	6	0	268	0	0	0	0	43	0	0	0	0	25	56	140	5	35	123	66	371	0	0	0	0	0	0	1	291	755	82	11	0	0	0	0	0	1	0	0	8	0	0	0	0	53	190	643	1903	13	0	0	0	34	0	0	0	0	17	0	0	0	0	48	0	0	0	0	17	18	64	0	88	0	0	0	70	268	52	0	68	5	0	0	0	0	0	0	0	0	0	1	0	0	0	0	1	28	0	0	0	0	0	0	0	0	9	0	0	0	0	0	0	0	0	0	0	0	0	9	0	0	0	6	0	0	0	0	65	211	51	8	0	0	0	0	0	42	17	0	0	0	0	15	0	0	0	260	599	66	24	90	7	206	71	0	0	0	0	0	0	42	0	0	0	0	58	50	10	0	0	13	0	0	0	0	0	0	0	0	0	0	0	44	36	42	20	179	0	0	0	0	27	0	0	0	0	0	0	311	21	39	0	773	6	0	0	0	0	0	0	0	0	64	1745	179	8	171	223	306	855	38	0	0	0	0	0	439	711	162	25	0	0	0	0	0	0	0	0	0	0	486	1778	2336	55	12	26	0	0	33	0	0	0	0	0	0	0	0	61	0	0	0	0	71	35	120	0	1	0	0	0	112	267	45	0	4	0	0	0	0	0	0	0	0	0	0	0	0	0	0	0	0	0	0	0	0	0	0	0	0	0	0	4	0	0	0	0	0	0	0	14	0	0	73	325	89	14	0	0	0	0	50	154	65	0	0	0	0	0	23	0	0	0	249	392	155	94	130	0	173	0	0	0	0	0	0	0	0	0	0	146	122	14	0	6	0	0	0	0	0	0	0
Plantae	Chlorophyta	Chlorophyceae	Chlamydomonadales	Chlamydomonadaceae	Unknown	Unknown	0	4	0	0	0	0	0	4	0	0	0	5	7	0	0	0	0	0	0	0	20	0	0	0	0	0	36	0	26	55	0	3	37	0	0	0	0	5	0	4	0	0	0	0	0	0	0	0	0	4	0	0	0	0	0	0	0	0	0	0	0	2	14	0	0	0	0	41	0	0	0	0	7	0	0	87	0	9	0	0	13	19	0	0	0	25	0	0	0	0	0	0	0	6	30	22	44	0	0	0	0	0	0	0	0	0	0	0	0	0	0	0	0	0	0	0	0	0	13	0	0	0	0	0	0	5	0	0	7	0	0	15	0	10	0	0	0	0	4	44	0	0	0	0	0	2	12	0	0	8	0	0	0	0	12	3	0	0	0	0	0	9	0	0	0	213	99	3	0	0	0	0	0	0	39	102	294	0	0	0	0	0	0	32	0	0	0	0	0	0	0	0	0	0	0	11	0	0	0	0	0	0	0	0	0	0	0	0	18	0	5	0	11	20	0	0	0	92	0	0	0	0	0	0	0	0	0	27	20	28	2	147	24	10	0	0	0	5	0	15	0	0	0	10	0	0	0	0	0	0	0	0	0	0	0	0	0	0	0	0	0	0	0	0	0	0	0	6	6	0	0	58	0	9	0	0	24	0	0	0	41	0	0	0	0	0	0	0	33	11	0	32	9	0	0	0	0	0	0	0	0	0	0	0	0	16	0	0	0	0	0	12	11	5	44	0	0	0	0	0	0	0	0	0	0	16	13	27	0	0	0	0	19	6	374	0	0	1	0	0	0	0	0	0	0	0	0	0	0	0	0	493	290	0	0	0	0	0	0	0	69	48	37	0	0	0	0	0	0	0	0	0	0	2	1	0	0	16	28	0	0	0	0	0
Plantae	Chlorophyta	Chlorophyceae	Chlamydomonadales	Haematococcaceae	Haematococcus	Haematococcus lacustris	7	10	13	0	0	86	0	0	21	33	45	109	21	31	0	0	203	0	764	13	29	23	0	1	0	2	12	16	6	14	7	4	17	1867	5978	36	5	9	18	0	0	0	0	0	351	19	15	0	9	64	45	0	0	5	38	10	8	0	0	0	0	20	54	719	0	0	7	67	26	15	160	71	0	0	0	19	162	41	91	983	543	187	125	23	5	20	617	33	1974	8309	8	0	5	0	144	4041	1104	128	8	0	9	0	9	0	0	0	2296	168	193	27	11	15	0	102	34	4	161	0	302	2708	2004	840	186	59	21	2221	5	782	336	26	0	70	85	1733	42	159	41	0	95	181	142	0	0	7	13	310	135	2024	1002	134	90	68	216	224	670	302	14	43	0	0	0	0	28572	177	3068	2	6	94	61	30	0	4	1	13	344	26	33	6	88	0	0	0	3	4	20	0	4301	26428	10	13	3	28	0	0	0	0	0	118	92	0	0	4	0	1	0	0	0	0	24	25	69	37	455	18	21	7	0	108	217	281	55	0	3	0	0	19	17	1	0	7	0	21	2728	12077	5802	0	0	0	11	1	1	0	0	0	519	43	5	0	8	43	0	0	4	48	7	0	0	0	0	0	2854	0	0	28	23	24	197	0	0	0	0	12	1787	37	79	108	105	18	7	49	9	4612	10	3457	7977	6	0	0	1	1555	138	1134	524	3	0	8	0	0	0	0	10238	62	359	16	16	159	10	0	1	0	4065	1093	93	546	40	554	503	99	0	32	16	12	213	411	54	922	272	93	0	0	2	0	616	98	3017	121	42	229	363	98	0	3	77	0	2	0	0	12798	455	353	3231	0	18	51	20	2	3	35	7	5	372	0	71	84	4	0	0	0	84	5	3379	26714	24	35	3	0	0	0	0	0	0	0	1496	2097
Plantae	Chlorophyta	Chlorophyceae	Chlamydomonadales	Volvocaceae	Pandorina	Pandorina morum	23915	9568	4010	3257	753	601	821	312	731	1452	17632	10054	4771	10064	732	421	11048	251	5055	120	1588	4811	1077	3735	12454	7391	10636	16050	7571	8092	13465	7221	1831	15146	11632	256	2812	9522	11889	539	328	203	1035	208	3727	2276	4922	11375	5751	7883	4932	1528	3075	330	4612	16328	22023	16976	3288	821	11317	7103	3882	2007	1680	1964	4219	958	5057	4180	12816	8589	18384	14010	10802	745	2297	10708	18640	9620	608	2523	19312	10664	604	1667	1341	6449	6298	7962	138	91	1368	442	1241	18527	21425	2073	3372	2793	932	500	4589	4156	828	1028	1404	15396	864	102	3794	3815	8234	1170	8206	8074	11424	10210	2756	8848	13044	13321	12824	6053	6828	16634	810	6163	7764	1865	146	14465	10068	10705	2503	574	417	2402	5517	6054	1013	4232	9635	5640	5680	4073	26296	15981	15893	6058	7798	14267	8967	7545	6466	7765	14461	14439	204	60	1364	601	3628	1477	14951	6169	5224	5368	2584	484	3914	5911	1661	17607	1875	20864	21099	8480	11527	2194	2518	145	857	1429	9060	6499	8223	5054	8611	14216	9544	3253	23	114	292	58	6618	809	884	189	17	29802	19823	1134	4046	7434	260	1451	1585	10380	3832	14507	14972	10972	1365	7078	9188	19173	18858	5692	418	10877	2161	275	21334	11900	14063	14695	13070	7524	5876	9670	17433	10221	5264	10747	10100	13330	11359	498	6063	1447	2534	298	2328	10520	10755	12415	8953	16234	3228	6536	625	13174	11815	3378	14003	2089	13711	7272	17809	8776	5551	14687	8141	20717	16477	26410	10762	12242	9473	546	20153	11517	24605	18808	11444	9294	13744	5176	645	7836	7408	7346	11315	2511	386	2051	726	27143	17590	24530	8262	11440	4749	601	542	21863	1964	2630	7860	13152	1707	19715	9527	1140	16432	8379	6694	4979	22338	17873	11234	17897	33197	15608	15439	3163	726	18942	6505	5439	8693	6835	3201	10829	9939	6259	16460	6779	21246	5424	2358	26110	21102	27111	18230	18729	9240	15924	8874	13777	20209	7736	631	4277	410	13752	7074	9223	12635	22896	9027	4591	1856	10662	10954	5865	2193	26592	1746	32736	17848	8528	14738	11647	366	683	30015	9547	8054	4870	28379	23536	11081	594	78	1014	120	10141	0	4247	762	167
Plantae	Chlorophyta	Chlorophyceae	Oedogoniales	Oedogoniaceae	Oedocladium	Oedocladium carolinianum	0	0	0	0	0	0	0	0	0	0	0	0	0	0	0	0	0	0	0	0	8	0	12	1	0	0	0	0	0	0	0	0	0	0	0	2	144	0	0	13	33	0	0	0	0	0	0	0	0	5	164	0	6	41	0	0	0	0	0	0	0	0	0	0	0	0	0	10	178	15	54	3	0	0	0	11	0	0	0	0	6	0	0	0	0	13	0	0	0	0	25	0	37	0	0	0	0	0	36	30	0	0	40	0	0	0	0	0	0	0	0	0	0	0	0	0	0	0	15	20	0	0	0	0	0	0	0	0	0	0	0	0	0	0	0	0	0	0	0	6	0	0	0	0	0	0	0	0	0	3	8	21	43	7	3	7	0	0	0	0	0	0	0	0	0	0	0	0	0	41	63	25	10	0	0	8	0	0	0	0	0	0	0	0	0	0	0	0	141	0	2	14	0	0	0	0	0	0	0	0	0	0	0	0	0	0	1	16	12	0	0	0	0	0	9	0	0	0	0	0	0	25	5	6	0	0	0	0	0	0	0	0	0	0	0	81	0	2	0	27	72	5	0	0	6	0	0	0	0	119	8	11	55	0	0	0	0	0	0	0	0	0	0	156	39	13	0	0	0	0	0	0	0	0	0	0	0	0	0	0	7	0	0	0	0	51	0	21	2	0	0	0	0	34	13	0	10	0	0	0	0	0	0	0	0	0	0	0	0	0	0	0	0	0	0	0	0	0	0	0	0	0	0	0	0	0	0	0	0	0	0	0	0	0	0	0	25	0	0	0	0	0	0	0	0	0	0	0	0	0	0	0	0	0	0	22	26	48	16	0	0	0	0	0	0	0	0	0	0	0	0	0	143	0	10	0	0	1	0	0	0	0	0	0
Plantae	Chlorophyta	Chlorophyceae	Oedogoniales	Oedogoniaceae	Unknown	Unknown	0	0	0	0	0	0	0	0	235	21	40	4	0	0	0	0	0	0	0	0	0	5	10	0	37	38	0	0	4	0	3	0	9	0	0	0	14	1	4	0	0	0	0	0	0	0	0	0	0	0	72	0	0	0	0	0	0	0	0	0	0	0	0	0	0	0	0	0	39	18	0	8	0	0	0	0	10	0	0	0	0	0	0	0	0	0	0	0	0	0	0	0	0	0	0	0	0	0	0	58	26	0	12	0	0	0	0	0	0	0	0	0	0	0	0	0	0	0	0	0	0	0	0	0	4	0	0	0	0	0	0	0	0	227	0	9	0	0	97	0	0	2	0	0	0	0	0	0	0	0	0	71	0	38	0	12	15	0	0	0	0	0	0	0	0	0	0	0	0	0	30	10	25	6	0	0	0	0	0	0	0	0	0	0	0	0	0	0	39	36	0	0	0	0	0	0	0	0	0	0	0	0	0	0	0	0	0	0	0	379	20	30	0	0	11	0	0	0	0	0	0	6	7	0	28	54	7	0	0	0	0	17	0	0	0	9	22	0	11	0	0	0	0	0	0	0	0	0	0	66	0	0	0	0	0	0	0	0	0	0	0	0	0	29	28	0	64	0	0	0	0	0	0	0	0	0	0	0	0	0	0	0	0	0	0	0	10	16	0	0	0	0	0	5	87	35	0	0	0	0	0	0	0	0	0	0	0	0	0	0	0	0	0	0	0	0	0	0	0	0	0	0	0	0	0	76	113	0	0	0	0	0	0	0	0	0	60	8	35	15	27	16	0	7	1	18	0	0	0	0	0	0	0	0	0	7	9	0	0	0	0	0	0	0	0	0	0	0	30	0	0	0	0	0	0	0	0	0	0	0	0	0	0	0
Plantae	Chlorophyta	Chlorophyceae	Sphaeropleales	Hydrodictyaceae	Tetraedron	Tetraedron caudatum	25	24	1	0	0	6	0	0	11	326	2405	101	37	221	1	0	55	0	53	1	13	390	140	2	111	2125	11	84	64	194	201	0	47	121	61	15	24	220	118	4	0	15	0	0	0	0	9	0	0	17	127	33	29	16	9	10	0	0	55	29	189	10213	23	1347	0	0	0	19	486	150	222	985	137	177	512	259	359	114	21	146	22	271	105	12	0	101	196	7	11	1	30	0	17	5	34	52	102	10	121	267	2	11	22	16	4	12	95	23	396	79	99	6445	34	9	60	53	1080	2	112	241	3721	39	470	0	107	3361	7	0	12	0	2	104	0	67	0	114	37	140	24	6	58	0	18	121	25	0	2390	232	1592	0	5	40	31	19	2	12	535	190	70	14	3	0	11	0	0	16	27	21	13	24	47	7	39	144	39	131	118	24	237	31	21	35	0	65	199	12998	34	0	92	209	258	52	0	0	0	0	88	96	1312	0	0	31	38	0	0	0	0	5	0	10	828	10185	690	16	1387	1	0	61	509	125	18	19	5	0	91	2069	188	49	86	21	3	24	288	204	118	11	1238	121	199	5	0	45	10	8	0	7	6	0	0	124	10	27	0	17	0	0	164	47	910	1366	4366	28	0	692	230	400	2687	144	180	71	83	0	1846	99	32	112	89	27	0	8	0	229	3	10	0	40	1	39	0	33	199	133	145	91	343	2	0	0	5	0	34	11	1370	1317	6384	0	31	8	25	0	38	4248	605	2231	234	2259	24	0	10	22	2	0	0	13	34	60	17	0	0	18	2180	47	0	5622	347	0	62	31	81	6	49	992	177	0	4	26	0	49	1	0	0	12	24	31	9	76	28	55	0	67	3	86	193	1524	0	79	8	8	145	7326	42	9	0	311	194	0	0	0	0	0	0	0	0	0
Plantae	Chlorophyta	Chlorophyceae	Sphaeropleales	Scenedesmaceae	Coelastrella	Coelastrella rubescens	0	0	0	0	0	0	0	0	0	0	0	0	0	0	0	0	0	0	0	0	0	0	25	8	0	18	0	0	0	0	11	0	0	0	0	4	3	0	0	5	0	1	0	0	0	0	0	0	0	1	9	52	0	0	0	0	0	0	0	0	0	0	1	0	0	0	0	0	8	207	583	121	0	0	0	0	0	0	0	0	1	0	0	0	0	0	0	0	0	0	0	0	0	0	0	0	0	0	0	0	1	0	0	0	0	0	0	0	0	0	0	0	0	0	0	0	0	0	0	0	0	0	0	0	0	0	0	0	0	0	0	0	0	0	0	0	0	0	0	0	0	0	0	0	0	0	0	0	0	0	1	0	0	0	0	0	0	0	0	0	5	0	0	0	0	0	0	0	0	0	10	5	2	10	0	0	0	0	0	2	0	0	0	0	0	0	0	0	35	20	5	2	0	0	0	0	0	0	0	0	0	0	0	0	0	0	0	0	0	0	0	0	0	0	0	0	0	0	0	0	0	19	8	0	0	56	0	0	0	0	0	0	0	0	0	3	28	1	0	2	0	0	0	0	0	0	0	0	0	5	38	4	0	0	0	0	0	0	0	0	0	0	0	12	277	250	8	0	0	0	0	0	0	0	0	0	0	0	0	0	0	0	0	0	0	0	0	0	0	0	0	0	0	0	3	2	0	0	0	0	0	0	0	0	0	0	0	0	0	0	0	0	0	0	0	0	0	0	0	0	0	0	0	0	0	0	0	0	0	0	0	0	0	0	0	2	7	0	0	0	0	0	0	0	5	12	0	0	0	0	0	0	0	0	0	0	8	9	0	10	0	0	0	0	4	0	0	0	0	0	0	0	40	47	3	0	0	0	0	0	0	0	0	0
Plantae	Chlorophyta	Chlorophyceae	Sphaeropleales	Scenedesmaceae	Desmodesmus	Desmodesmus intermedius	291	239	115	25	0	10347	0	7	24	390	734	1122	502	13933	34657	35363	135	76	1955	4399	0	44	27	4	169	135	17496	1096	535	5184	444	13340	262	101	487	1	0	12	0	1	0	0	3	0	0	345	3192	20484	28941	6	83	0	0	11	947	1968	7388	17671	411	87	79	1076	0	917	15667	31262	29465	0	30	0	41	13	1011	332	797	0	1460	3343	5701	13530	1	1526	5706	10199	2220	3	924	527	330	104	0	0	0	0	7	551	3128	751	17	0	0	2	34	6	33	11	1125	9204	15557	27952	22489	25376	17	0	99	75	502	0	2	1160	904	17787	11304	14	12703	8566	13	28353	6	25716	3	11627	17868	1342	30378	875	32	23	2756	1	260	27	16	155	17	0	1688	804	3966	10	7	93	76	883	1	88	126	103	10	0	2	0	1762	34151	16182	23	17	1	1	0	26	404	8	27	38	56	187	107	5	50	53	539	157	81	341	723	4627	733	588	211	59	55	0	0	29	0	0	1498	318	201	0	155	102	44	43	0	0	0	0	20	641	375	608	350	18	27523	26435	125	105	564	5318	0	6	0	100	149	551	415	4979	5000	15484	298	89	208	4067	0	0	0	0	7	0	0	4	0	0	249	3823	20035	26017	43	0	0	0	978	1492	31049	604	78	74	624	391	16161	28254	12	5	0	69	343	209	188	732	0	587	4501	3770	9396	1354	10379	7293	2237	0	658	366	151	85	0	0	0	0	400	4493	1821	299	11	23	0	0	24	32	7	361	5649	13892	9919	19589	0	73	41	21	12	21	873	458	3415	966	11382	14078	28817	10	10098	23147	27466	25351	94	271	1475	2246	0	0	28	68	12	0	511	226	0	452	45	925	48	62	66	195	0	0	24	0	4992	27944	24441	19206	0	7	0	0	21	13	0	0	0	47	0	16	10	13	586	22	24	45	71	2092	747	9	74	12	0	0	0	0	0	0	869	2588	171
Plantae	Chlorophyta	Chlorophyceae	Sphaeropleales	Scenedesmaceae	Hariotina	Hariotina reticulata	1546	13689	1281	371	0	103	0	0	73	138	6797	8656	10734	2668	360	148	21681	32799	26782	28392	14	132	771	5	465	229	3032	1937	8004	13766	1121	492	25082	12735	14199	14	142	88	1325	17	8	41	25	0	21	23252	26276	3144	940	17	331	86	217	68	13108	15756	5382	1002	664	23658	19134	7193	12	24575	17954	2784	2312	5	143	8	37	155	764	14555	16029	0	11627	19441	5958	1890	3	22611	4298	5223	3027	8	4722	677	161	131	0	0	25	4	8	3761	3167	7321	13	58	19	0	7755	5768	13597	1997	10019	7093	6663	926	3804	168	18692	22	19302	22796	6916	1176	81	4395	9510	1217	6448	45	5675	1389	20745	77	30	8035	2889	4281	2278	350	2828	4842	8	29772	2065	21	5746	3620	17496	14133	5254	1	1780	8768	5813	45	19	156	306	781	27	971	6969	4204	35	0	9	2	103	138	34	630	19176	3357	1156	35	92	41	54	215	144	678	7302	14455	2741	122	17	98	9	62	720	607	12601	1982	617	403	134	216	0	0	0	0	0	96914	543	580	0	870	4726	568	1148	0	0	0	14	112	193	5640	8930	8623	25	376	78	13591	12978	25728	27933	10	5	5	232	287	5522	6612	11050	1962	865	17310	8132	10498	17462	45	171	49	3021	35	0	75	54	0	8	7313	18398	2793	686	240	29	191	0	9020	21038	1426	1101	27670	17070	16294	2423	10298	1986	111	16	51	314	277	16359	20205	19276	13	2303	16914	3121	1410	16470	13645	2837	4170	0	776	730	101	139	14	4	37	0	2332	10399	2612	4837	6	114	15	0	8691	26905	3603	3417	11934	3170	1068	144	5	14864	24357	22059	6546	134	3864	6785	4358	526	1171	2937	92	12162	4080	4497	2342	1202	36	14	159	1208	0	500	17903	1743	25703	5	592	8420	47	438	482	993	606	13988	13893	8421	0	4	57	2	516	102	47	26	60	16079	5684	947	80	38	8	1	77	138	50	4435	709	38	136	0	0	264	81	19829	1882	44	51	60	0	0	0	0	0	0	1879	4661	175
Plantae	Chlorophyta	Chlorophyceae	Sphaeropleales	Scenedesmaceae	Unknown	Unknown	0	0	0	0	0	1	63	286	0	3	14	5	268	127	10	1	2308	2857	1368	3103	252	18	325	16	4	1	14	0	214	273	11	3	1759	1445	1502	20	7	0	0	10	31	19	0	0	1	233	84	0	0	3	217	75	0	0	606	82	2	0	40	0	5	0	14	195	72	0	0	22	46	0	31	673	92	6	13	8	203	119	8	8	8	704	94	41	56	27	53	0	0	0	1	0	22	73	4	255	23	26	202	336	5460	64	52	8	8	0	193	0	0	0	96	0	0	4	68	29	18	0	67	170	12	6	38	21	155	138	14	0	31	0	5	139	3	139	0	230	0	14	176	30	12	0	6	25	3	9	0	4	2	0	7	0	0	29	17	40	12	9	0	0	1	2	291	8	0	28	91	22	6	7	90	1918	250	50	12	213	202	15	0	2	0	0	0	35	21	22	2	0	154	22	4	0	0	0	0	0	0	3427	59	0	0	0	0	0	0	0	27	100	192	0	5	14	0	138	31	0	0	2265	1433	3587	2280	391	29	503	0	0	0	157	206	30	8	2423	1361	481	2503	13	0	0	0	46	88	50	0	3	5	37	236	40	0	242	75	0	0	371	144	14	67	0	0	12	87	274	152	54	0	47	3304	19	14	16	27	11	58	224	0	7	530	516	45	10	20	19	0	0	0	13	0	27	159	134	767	13	11	180	369	6449	121	20	31	1	20	36	0	234	19	4	30	15	0	0	0	14	12	4	49	69	6	0	0	355	254	263	90	9	0	33	38	10	0	8	0	16	6	18	0	4	0	14	24	23	8	0	9	6	0	0	9	363	15	0	0	8	20	6	6	22	49	3240	1178	19	0	88	3	0	0	0	0	0	10	0	0	0	171	38	7	0	0	8	0	0	0	291	869	67
Plantae	Chlorophyta	Chlorophyceae	Sphaeropleales	Selenastraceae	Messastrum	Messastrum gracile	4829	0	0	0	57	0	9	19	334	468	2058	123	41	0	0	0	0	2	0	0	121	4668	749	20	6847	1811	0	3999	6400	30	2480	0	196	0	0	94	230	768	595	159	88	203	150	0	212	0	0	0	0	415	5775	461	597	114	76	0	0	0	6584	27	0	0	616	0	0	0	0	83	8757	1349	679	838	6148	524	55	73	819	0	0	0	132	26	0	0	0	179	0	0	0	0	38	4	179	44	523	1051	0	0	478	107	115	50	899	0	0	0	21	0	0	0	337	0	0	238	1951	26	48	0	1990	2082	106	0	5	535	2291	0	2	0	2633	0	0	123	0	9368	0	374	3	1	5803	542	493	69	5	4	5	431	311	12	2	1044	254	547	2499	5214	940	1889	49	27	633	43	120	53	0	0	0	1106	6	0	0	182	1543	1034	460	886	7339	3684	695	19	25	710	5	3	6	5243	10102	73	0	0	7586	2815	104	480	0	0	12	1	937	0	88	0	0	2516	0	0	0	127	0	18	114	484	757	1843	150	19	103	0	0	0	0	0	0	102	38	66	3902	1159	7648	3882	31	0	0	180	0	0	0	127	2105	644	1137	388	141	156	216	21	442	0	0	0	0	2460	99	963	85	50	0	0	8231	28	0	0	0	0	0	5695	1648	2129	1429	5077	739	200	34	105	470	0	0	0	15	0	0	0	121	0	0	0	0	92	20	452	22	546	0	0	0	203	216	74	54	88	3	0	0	0	0	0	0	354	1195	13	0	0	105	56	51	3	93	0	0	0	8	0	0	0	0	146	47	9339	3306	1807	111	44	0	0	874	124	0	239	1044	2568	4644	873	106	44	14	25	83	1227	61	0	0	0	0	323	4	0	0	250	230	980	84	296	6186	395	18	3	134	34	0	0	693	18	5	0	393	359	136	0	0	6	3	2045	0	0	0	0
Plantae	Chlorophyta	Chlorophyceae	Sphaeropleales	Unknown	Unknown	Unknown	51	0	0	0	0	0	0	0	115	35	31	5	1	11	0	0	4	0	0	0	23	28	0	0	40	105	0	0	8	0	26	0	0	0	0	40	123	4	11	19	35	1	0	0	7	0	0	0	0	5	124	61	0	4	0	0	0	0	2	67	34	11	5	0	0	0	0	20	34	8	5	0	18	15	0	12	0	0	0	0	4	26	16	0	0	16	18	4	0	0	19	2	34	0	24	52	0	0	167	133	15	0	44	42	10	0	6	0	0	0	0	0	0	11	2	23	0	0	115	12	34	0	0	10	26	0	10	0	1	0	0	29	0	85	0	57	15	7	16	9	14	9	10	16	3	0	33	0	0	2	78	540	266	63	7	191	493	73	11	4	0	0	0	0	0	32	5	1	0	45	27	12	4	61	3	117	252	0	0	56	9	9	0	27	111	37	3	0	57	17	50	3	0	0	3	3	0	0	0	0	0	38	0	0	0	0	0	11	17	152	61	36	19	0	52	0	0	0	0	0	0	2	0	0	17	175	4	7	32	41	6	0	0	32	0	42	35	0	0	61	34	4	3	0	37	0	0	0	0	57	47	0	7	0	0	0	6	32	59	0	5	0	0	24	23	5	0	22	28	0	0	14	21	0	0	0	35	3	0	0	13	42	3	0	0	61	6	23	0	17	5	3	4	109	95	22	0	11	10	3	0	0	0	0	0	9	0	7	3	0	22	69	0	4	19	4	153	12	0	8	0	0	0	32	28	39	87	20	17	1	302	14	0	16	0	99	460	601	201	85	16	118	286	25	4	0	0	0	0	0	0	44	10	0	0	29	23	33	12	42	0	67	6	0	23	11	8	5	929	12	5	0	117	64	34	0	0	2	5	0	0	0	0	0
Plantae	Chlorophyta	Chlorophyceae	Unknown	Unknown	Unknown	Unknown	0	0	0	0	0	0	0	0	0	0	0	0	0	0	0	0	0	0	0	0	0	0	0	0	0	0	0	0	0	0	0	0	0	0	0	0	0	0	0	0	0	0	0	0	0	0	0	0	0	0	0	0	0	0	0	0	0	0	0	0	0	0	0	0	0	0	0	0	0	0	0	0	0	0	0	0	0	0	0	0	0	0	0	0	0	0	0	0	0	0	0	0	0	0	0	0	0	0	0	0	0	0	0	0	0	0	0	0	0	0	0	0	0	0	0	0	0	0	0	0	0	0	0	0	0	0	0	0	0	0	0	0	0	0	0	0	0	0	0	0	0	0	0	0	0	0	0	0	0	0	0	0	0	0	0	0	0	0	0	0	0	0	0	0	0	0	0	0	0	0	0	0	0	0	0	0	0	0	0	0	0	0	0	0	0	0	0	0	0	0	0	0	0	0	0	0	0	0	0	0	0	0	0	0	0	0	0	0	0	0	0	0	0	0	0	6	6	0	0	0	0	0	0	0	0	0	0	0	0	6	12	0	0	212	10	0	0	0	0	0	0	0	0	0	0	0	0	0	0	0	0	0	0	0	0	0	0	0	0	0	80	0	0	0	0	0	0	0	0	0	0	0	91	6	0	0	0	0	16	0	0	0	0	0	0	0	0	0	0	0	0	35	15	0	0	0	0	0	0	0	0	0	0	0	0	0	0	0	0	0	0	0	0	0	0	0	0	0	0	0	0	0	0	0	0	0	0	0	0	0	0	0	0	0	0	0	0	0	0	0	0	0	0	0	0	0	0	0	0	0	0	0	0	0	0	0	0	0	0	0	0	0	0	1	0	0	0	0	0	0	0	0	0	0	0	0	0	0	0	0	0	0	0	0
Plantae	Chlorophyta	Mamiellophyceae	Monomastigales	Monomastigaceae	Monomastix	Monomastix minuta	0	0	0	0	212	25	298	51	508	0	18	14	0	0	0	0	0	0	0	0	48	289	475	6	0	0	0	0	0	0	0	0	0	0	0	0	0	0	0	0	233	11	189	109	0	0	0	0	0	0	67	43	1	21	0	0	0	0	0	0	0	0	0	0	0	0	0	0	0	0	0	0	0	0	0	0	0	0	0	0	0	0	0	0	0	0	7	0	0	0	143	14	445	22	0	0	0	0	627	947	8	14	21	0	0	0	0	0	0	0	0	0	0	0	0	0	0	0	0	0	0	0	0	117	0	0	0	0	0	0	0	0	0	4	0	438	403	0	35	0	2	0	0	0	0	0	0	0	0	0	71	41	0	19	0	73	0	0	118	60	189	23	0	0	0	0	0	0	0	2109	1706	8	2	3	1	0	0	0	0	136	0	23801	20110	0	0	0	0	0	25	0	9271	24919	109	29	129	33	0	911	0	0	0	0	0	0	0	327	185	389	39	468	7	12	9	0	205	0	0	0	0	0	0	1922	16	63	0	0	0	0	0	0	0	0	0	0	0	0	0	0	0	0	256	55	289	117	0	0	0	0	1	34	53	0	66	0	0	0	0	0	0	0	0	0	0	0	0	0	0	0	0	0	0	0	0	0	0	0	0	0	0	0	0	0	0	0	0	295	85	550	57	0	0	0	0	277	1271	17	34	0	0	0	0	0	0	0	0	0	0	0	1	0	0	0	0	0	0	0	0	0	0	0	0	0	0	1859	422	0	113	0	20	0	0	0	0	0	0	4	45	0	24	20	0	0	0	397	220	257	60	0	0	0	0	0	0	0	0	548	2268	22	11	0	7	0	0	0	86	8	33815	29491	0	0	0	0	42	0	14593	178	14	132	42	0	0	0	0	0
Plantae	Chlorophyta	Mamiellophyceae	Monomastigales	Monomastigaceae	Monomastix	Unknown	0	0	0	0	0	0	0	0	0	0	0	0	0	0	0	0	0	0	0	0	0	0	0	0	0	0	0	0	0	0	0	0	0	0	0	0	0	0	0	0	0	0	0	0	0	0	0	0	0	0	0	0	0	0	0	0	0	0	0	0	0	0	0	0	0	0	0	0	0	0	0	0	0	0	0	0	0	0	0	0	0	0	0	0	0	0	0	0	0	0	0	0	0	0	0	0	0	0	0	0	0	0	0	0	0	0	0	0	0	0	0	0	0	0	0	0	0	0	0	0	0	0	0	0	0	0	0	0	0	0	0	0	0	0	0	0	0	0	0	0	0	0	0	0	0	0	0	0	0	0	0	0	0	0	0	0	0	0	0	0	0	0	0	0	0	0	0	0	0	0	0	0	0	0	0	0	0	0	0	0	0	16	631	0	0	0	0	0	0	0	0	1762	0	0	0	0	0	0	0	0	0	0	0	0	0	0	0	0	0	0	0	0	0	0	0	0	0	0	0	0	0	0	0	0	0	0	0	0	0	0	0	0	0	0	0	0	0	0	0	0	0	0	0	0	0	0	0	0	0	0	0	0	0	0	0	0	0	0	0	0	0	0	0	0	0	0	0	0	0	0	0	0	0	0	0	0	0	0	0	0	0	0	0	0	0	0	0	0	0	0	0	0	0	0	0	0	0	0	0	0	0	0	0	0	0	0	0	0	0	0	0	0	0	0	0	0	0	0	0	0	0	0	0	0	0	0	0	0	0	0	0	0	0	0	0	0	0	0	0	0	0	0	0	0	0	0	0	0	0	0	0	0	0	0	0	0	0	0	0	0	0	0	0	0	0	0	0	0	0	0	0	0	0	0	0	0	0	0	0	0	0	0	0	0
Plantae	Chlorophyta	Trebouxiophyceae	Chlorellales	Chlorellaceae	Mucidosphaerium	Mucidosphaerium pulchellum	0	0	0	0	10	9	62	398	0	0	38	375	5	0	0	0	13	0	0	0	525	76	266	82	263	96	0	51	0	0	2	0	19	5	0	174	29	118	282	483	16	41	1085	171	245	6791	797	106	4	115	155	344	1119	346	5744	301	103	9	11	4	103	1682	1406	1433	563	20	13	335	270	291	47	23	37	47	684	206	772	365	401	39	756	67	121	32	7	740	11131	28103	27076	19461	7	1	547	129	730	20	47	8	97	134	445	240	67	0	0	0	902	1113	12290	6913	0	0	0	55	56	0	1737	0	501	19	295	0	3403	629	7	0	57	0	2151	362	1	580	222	593	259	25	0	0	11117	1154	2299	0	20	1	22	394	86	144	928	1111	5	0	14	6199	0	2	3	12	31	14	698	239	0	5	1723	0	0	2	0	0	342	1178	167	170	1162	1	0	0	0	7	1	0	0	2233	0	0	15	1111	848	2622	196	69	6	0	75	137	0	0	0	0	0	0	0	0	0	1	16	154	561	0	0	24	1340	6	19	0	0	11	0	0	0	159	1083	173	198	24	61	0	0	0	0	19	0	0	0	2	89	79	214	595	24	30	2007	1548	386	12116	1574	60	4	148	110	2564	1175	7472	452	30	16	2	175	2099	939	375	27	164	260	46	78	17	10	10	491	214	605	651	177	17	106	165	21	73	198	8531	27413	24830	16425	9	14	1028	149	9	118	25	3	54	232	515	305	49	0	3	37	1698	15365	0	0	34	49	2	4	0	0	131	1201	6017	0	0	0	0	34	300	137	379	362	12	0	341	10812	695	0	2	0	0	390	44	125	0	0	13	5575	0	0	0	0	0	52	892	347	0	0	164	897	0	0	1	0	0	553	3399	516	112	1215	0	0	0	0	9	0	0	0	0	14	964	143	1219	247	0	0	157	218	553	0	0	0	284
Plantae	Chlorophyta	Trebouxiophyceae	Chlorellales	Chlorellaceae	Unknown	Unknown	0	0	0	0	68	0	0	0	0	0	1	0	0	0	0	0	0	0	0	0	7	357	4	12	0	0	0	5	0	0	0	0	0	0	0	0	0	0	0	0	0	0	15	11	0	0	0	0	0	0	17	0	1	4	0	0	0	0	5	0	0	0	0	0	0	0	0	0	3	7	0	0	0	0	0	0	0	0	0	0	0	0	0	0	0	0	0	0	0	0	0	0	23	0	0	0	0	0	6	0	8	0	6	0	0	0	0	0	0	0	0	0	0	0	0	0	0	0	0	0	0	0	0	0	0	0	0	0	0	0	0	0	0	0	0	0	0	0	0	0	0	0	0	0	0	0	0	0	0	0	0	0	0	0	0	0	0	0	13	10	74	16	0	0	0	0	0	0	0	0	54	156	28	10	0	0	0	0	0	0	0	0	0	0	0	0	0	0	5	0	0	0	0	0	0	0	0	0	0	0	0	0	0	0	0	0	0	0	0	0	0	0	0	0	0	0	0	0	0	0	0	0	50	0	0	0	0	0	0	0	0	0	0	0	0	0	0	0	0	0	0	0	0	34	0	0	0	0	0	0	0	0	3	0	0	0	0	0	0	0	0	0	0	0	0	0	0	0	0	0	0	0	0	0	0	0	0	0	0	0	0	0	0	0	0	0	0	0	0	0	0	0	0	0	0	0	0	0	0	0	0	0	0	0	0	0	0	0	0	0	0	0	0	0	0	0	0	0	0	0	0	0	0	0	0	0	0	0	0	0	0	0	0	0	0	0	0	0	0	0	0	0	0	0	14	146	17	0	0	0	0	0	0	0	0	0	31	137	3	0	0	0	0	0	0	0	0	0	0	0	0	0	0	0	0	0	0	0	0	0	0	0	0	0
Plantae	Chlorophyta	Trebouxiophyceae	Chlorellales	Oocystaceae	Oocystis	Oocystis apiculata	33	18	69	16	9	0	0	0	91	194	162	7926	33	144	84	4	8	0	0	0	1	269	96	0	250	348	95	924	216	790	271	141	66	72	66	0	18	398	337	0	0	13	38	3	0	14	0	0	0	0	101	100	114	113	199	20	0	0	176	114	25	252	0	6	0	0	0	0	239	45	31	131	525	1123	932	0	98	81	339	294	0	227	36	0	6	0	0	2	0	0	4	0	0	0	0	129	83	65	1	24	18	0	86	83	67	59	49	0	0	0	63	0	152	0	356	503	131	44	0	301	128	2026	250	0	545	1287	292	226	5	2	94	34	3	79	0	206	2	387	329	0	66	94	502	152	84	0	28	93	81	0	4	43	49	78	0	70	2021	561	8	0	8	0	0	0	0	125	695	135	442	0	231	9	44	358	5	249	876	264	18	169	91	104	12	16	735	1193	798	65	144	348	27	57	0	0	0	0	0	0	389	0	0	20	17	13	189	11	0	0	2	121	370	141	1413	32	34	29	6	0	0	0	0	19	4	11	93	362	1426	71	171	218	196	60	68	111	657	7	2319	319	1261	0	0	80	98	11	0	1	1	0	0	76	7	452	43	110	33	6	364	106	48	1069	2	3	0	165	79	170	1246	266	246	447	1054	0	6	138	264	795	204	68	5	0	0	0	0	0	0	10	0	15	0	62	308	37	11	0	127	28	0	43	423	78	14	0	0	0	0	0	128	604	213	131	41	54	128	89	24	1118	2106	3761	158	13	11	0	0	28	22	42	118	0	4	287	139	1260	0	10	70	3	181	59	110	30	529	1881	624	0	0	49	0	0	0	0	0	27	251	200	785	70	27	5	3	172	0	9	331	180	36	773	18	4	74	91	896	209	7	73	13	0	0	0	0	0	0	0	223	0
Plantae	Chlorophyta	Ulvophyceae	Ulotrichales	Hazeniaceae	Hazenia	Hazenia capsulata	0	0	0	0	3	0	0	0	23	5	2	1	0	0	0	0	0	0	0	0	1	0	0	0	0	0	0	0	0	0	0	0	0	0	0	0	160	13	148	0	0	0	0	0	0	0	0	0	0	0	2	0	0	4	0	0	0	0	0	0	0	0	0	0	0	0	0	0	0	0	0	35	0	0	0	0	0	0	0	0	0	0	0	0	0	0	0	0	0	0	0	0	0	0	0	0	0	0	0	0	0	0	0	0	0	0	0	0	0	0	0	0	0	0	0	0	0	0	0	0	0	0	0	0	0	0	0	0	0	0	0	0	0	0	0	0	0	0	0	0	0	0	0	0	0	0	0	0	0	0	0	0	0	0	0	0	0	0	0	0	0	0	0	0	0	0	0	0	0	0	0	1	0	27	0	2	0	0	0	120	3	332	19	0	20	0	0	0	0	0	0	9	0	0	0	0	0	0	0	0	0	0	0	0	0	0	0	0	1	39	10	0	0	0	0	0	0	0	0	0	0	0	0	0	0	0	0	0	0	0	0	0	0	0	0	77	8	14	18	0	0	0	0	0	0	0	0	0	0	0	0	0	0	0	0	0	0	0	0	0	0	0	0	0	0	0	6	0	0	0	0	0	0	0	0	0	0	0	0	0	0	0	0	0	0	2	0	0	0	0	0	0	0	0	0	0	0	0	0	0	0	0	0	0	0	0	0	0	0	0	0	0	0	0	0	0	0	0	0	0	0	0	0	0	0	0	0	0	0	0	0	0	0	0	0	0	0	0	0	0	0	0	0	0	0	0	0	0	0	0	0	0	0	0	0	0	0	0	0	10	0	0	0	0	106	4	27	19	49	0	0	0	0	0	0	0	0	0	0	0	0	0	0	0
Plantae	Chlorophyta	Ulvophyceae	Ulotrichales	Unknown	Unknown	Unknown	0	0	0	0	0	0	0	0	0	0	0	0	0	0	0	0	0	0	0	0	0	10	0	0	0	0	0	0	0	0	0	0	0	0	0	0	0	0	54	0	0	0	38	0	0	0	0	0	0	0	0	4	54	9	0	0	0	0	0	0	0	0	0	0	0	0	0	0	0	0	3	48	0	0	0	0	0	0	0	0	0	0	0	0	0	1	0	0	0	0	0	0	0	0	0	0	0	0	0	0	0	0	0	0	0	0	0	0	0	0	0	0	0	0	0	0	0	0	0	0	0	0	0	0	0	0	0	0	1	0	0	0	0	0	0	12	0	0	0	0	0	0	0	0	0	0	0	0	0	0	0	0	0	0	0	0	0	0	0	0	0	0	0	0	0	0	0	0	0	0	0	0	0	73	0	0	0	0	0	0	0	0	0	2	4	0	0	0	33	4	0	0	0	0	0	0	0	0	0	0	0	0	0	0	0	0	0	0	0	0	0	0	0	0	0	0	0	0	0	0	0	0	0	0	0	0	0	0	0	0	0	0	0	0	0	0	0	0	0	0	0	0	0	0	0	0	0	0	0	0	0	0	0	0	0	0	0	0	0	0	0	0	0	0	0	0	0	0	0	0	0	0	0	0	0	0	0	0	0	0	0	0	0	0	0	0	0	0	0	0	0	0	0	0	0	0	0	0	0	0	0	0	0	0	0	0	0	0	0	0	0	0	0	0	0	0	0	0	0	0	0	0	0	0	0	0	0	0	0	0	0	0	0	0	0	0	0	0	0	0	0	0	0	0	0	0	0	0	0	0	0	0	0	0	0	0	0	0	0	0	0	0	0	0	0	0	0	0	0	0	0	0	0	0	0	0	0	0	0	0	0	0	0	0
Plantae	Chlorophyta	Unknown	Unknown	Unknown	Unknown	Unknown	0	0	0	0	0	0	0	0	0	0	0	0	0	0	0	0	0	0	0	0	0	0	0	0	0	0	0	0	0	0	0	0	0	0	0	0	0	0	0	0	0	0	0	0	0	0	0	0	0	0	0	0	0	0	0	0	0	0	0	0	0	0	0	0	0	0	0	0	0	0	0	0	0	0	0	0	0	0	0	0	0	0	0	0	0	0	0	0	0	0	0	0	0	0	0	0	0	0	0	0	0	0	0	0	0	0	0	0	0	0	0	0	0	0	0	0	0	0	0	0	0	0	0	0	0	0	0	0	0	0	0	0	0	0	0	0	0	0	0	0	0	0	0	0	0	0	0	0	0	0	0	0	0	0	0	0	0	0	0	0	0	0	0	0	0	0	0	0	0	0	0	0	0	0	0	0	0	0	0	0	0	0	0	0	0	0	0	0	0	0	0	0	0	0	0	0	0	0	0	0	0	0	0	0	0	0	0	0	0	0	0	0	0	0	0	0	0	0	0	0	0	10	1	0	0	0	0	0	0	0	0	0	0	0	0	0	0	0	0	0	0	14	8	0	0	0	0	0	0	0	0	0	0	0	0	0	0	0	0	0	0	0	0	0	0	0	0	0	0	0	0	0	0	0	0	0	0	0	0	0	0	0	0	0	0	10	0	193	0	0	0	0	0	5	3	25	0	0	0	0	0	0	0	0	0	0	0	0	0	0	0	0	0	0	0	0	0	0	0	0	0	0	0	7	4	0	0	0	0	0	0	0	0	0	0	0	0	0	0	0	0	0	0	0	27	23	0	0	0	0	0	0	0	0	0	6	36	2	0	0	0	0	0	0	0	0	0	0	0	0	0	0	0	0	0	0	0	15	0	0	4	0	0	0
Plantae	Rhodophyta	Florideophyceae	Unknown	Unknown	Unknown	Unknown	0	0	0	0	0	0	0	0	0	0	0	0	0	0	0	0	0	0	0	0	0	0	0	0	0	0	0	0	0	0	0	0	0	0	0	0	0	0	0	0	0	0	0	0	0	0	0	0	0	0	0	0	0	0	0	0	0	0	0	0	0	0	0	0	0	0	0	0	0	0	0	0	0	0	0	0	0	0	0	0	0	0	0	0	0	0	0	0	0	0	0	0	0	0	0	0	0	0	0	0	0	0	0	0	0	0	0	0	0	0	0	0	0	0	0	0	0	0	0	0	0	0	0	0	0	0	0	0	0	0	0	0	0	0	0	0	0	0	0	0	0	0	0	0	0	0	0	0	0	0	0	0	0	0	0	0	0	0	0	0	0	0	0	0	0	0	0	0	0	0	0	0	0	0	0	0	0	0	0	0	0	0	0	0	0	0	0	0	0	0	0	0	0	0	0	0	0	0	0	0	0	0	0	0	0	0	0	0	0	0	0	0	0	0	0	0	0	0	0	0	0	0	0	0	0	0	0	0	0	0	0	0	1	0	0	0	0	0	24	0	0	0	0	0	0	0	8	0	0	0	0	0	0	0	2	0	0	0	0	0	0	0	0	0	0	0	0	0	0	0	0	0	0	0	0	0	0	0	0	0	0	0	0	0	0	0	0	0	0	0	0	0	0	0	0	0	0	0	0	2	0	0	0	0	0	0	0	0	0	0	0	0	25	247	0	0	0	0	0	0	0	0	0	0	0	0	0	0	0	0	0	0	0	0	0	0	0	0	0	0	0	0	0	0	0	0	0	0	0	0	0	0	0	0	0	0	0	0	0	0	0	0	0	0	0	0	0	0	0	0	0	0	0	0	0	0	0	0	0	0	0	0	0	0
Plantae	Unknown	Unknown	Unknown	Unknown	Unknown	Unknown	1	0	64	84	31	9	523	10	216	142	907	2	23	15	0	1	0	0	0	0	0	182	250	1490	1995	1318	23	0	3	40	286	9	0	4	0	0	0	0	4	0	347	66	199	0	0	0	0	0	0	56	2923	220	272	4	2	0	0	0	140	0	0	28	3	0	5	0	10	0	673	7870	53	18	99	0	7	0	0	6	38	96	0	0	0	14	0	0	2	0	7	5	42	15	228	22	0	197	77	8	1256	714	442	11	426	0	0	4	0	0	3	0	17	0	3	24	24	0	276	18	0	44	28	19	95	0	44	182	0	124	0	0	0	0	0	0	0	3943	2509	0	9	0	0	5	0	1	133	0	0	20	914	0	13	423	227	24	0	27	0	0	212	49	159	61	5	2	0	9	0	7	10	121	1061	515	8	305	0	1212	146	0	140	103	1140	13	13	0	58	0	0	0	430	17	11	28	47	0	172	56	0	127	0	0	0	226	0	119	17	202	117	419	0	708	393	254	25	20	125	2	19	0	0	0	0	255	3009	0	1984	660	0	59	67	24	3	0	0	0	0	86	112	2	14	0	1205	90	144	9	0	4	0	0	0	2108	459	255	0	40	0	0	455	0	0	0	12	0	0	1084	7097	37	5	196	55	0	0	0	963	0	0	0	10	0	0	0	0	0	0	18	3	261	43	180	13	148	0	50	19	1887	780	203	6	85	0	19	0	0	0	0	0	21	49	0	0	0	209	3	98	279	31	135	13	24	0	0	0	0	0	7275	3942	17	17	0	28	0	0	0	0	1	0	84	353	139	7	162	32	0	0	1019	54	102	32	0	0	0	0	28	0	0	0	493	1935	71	1	525	0	115	0	0	330	897	10	0	720	2	0	0	864	77	7	112	23	179	18	0	0	0	0	0
Unassigned	Unknown	Unknown	Unknown	Unknown	Unknown	Unknown	55	1	0	0	229	420	1121	599	441	40	0	7	1879	0	0	0	0	0	0	0	319	168	168	123	284	145	0	9	279	38	47	0	0	0	1	126	39	62	133	76	1632	322	2394	2412	1563	0	0	0	0	4300	420	71	51	550	17	0	0	0	12	0	1	0	1341	0	0	0	0	162	499	22	67	76	28	76	145	126	48	0	0	17	1501	0	0	0	0	129	36	0	0	0	729	343	1171	828	1362	0	5	0	249	354	1201	657	357	18	0	0	0	0	0	0	0	0	0	6235	19	75	8	0	10052	68	7	0	0	3051	7	0	0	0	3250	0	0	4	0	0	0	150	1192	6	50	5970	8	31	0	138	0	3408	0	0	13	2836	1173	26	8	117	66	48	302	358	288	412	3862	1330	0	0	0	209	0	1	0	0	170	485	284	1241	668	278	9	73	304	544	79	50	0	133	189	50	0	0	3889	3135	44	27	208	185	127	183	91	634	936	33	0	234	32	0	0	161	38	523	268	292	9	3	27	6178	36	0	0	205	0	0	0	194	129	661	626	340	21	2456	20	0	0	165	235	1	11	1100	212	56	94	35	478	14	2020	1127	447	45	1	0	0	1579	95	105	750	71	0	0	38	10	18	4	56	0	0	2473	87	60	265	64	49	19	61	151	133	14	0	18	135	0	0	0	56	22	0	0	0	301	38	967	1157	104	25	6	0	1048	341	1024	1206	83	13	0	24	3	0	65	0	4584	49	82	8	0	555	4	8	12	119	6	0	0	4	56	0	69	0	821	202	24	78	1944	84	158	53	59	578	20	31	1489	83	29	108	330	79	91	288	689	18	2291	1352	13	0	0	0	4233	14	0	0	835	445	1227	319	1611	700	1478	30	61	1423	229	40	0	382	13	3	0	480	3851	21	64	0	60	187	605	0	0	0	0