domain	kingdom	phylum	class	order	family	genus	species	A4_T2_R1	A4_T3_R1	A4_T4_R1	A4_T5_R1	B1_T2_R1	B1_T3_R1	B1_T4_R1	B1_T5_R1	B2_T2_R1	B2_T3_R1	B2_T5_R1	B3_T2_R1	B3_T3_R1	B3_T4_R1	B3_T5_R1	B4_T1_R1	B4_T2_R1	B4_T3_R1	B4_T4_R1	B4_T5_R1	B5_T1_R1	B5_T2_R1	B5_T3_R1	B5_T4_R1	B5_T5_R1	B6_T2_R1	B6_T3_R1	B6_T4_R1	B6_T5_R1	B7_T2_R1	B7_T3_R1	B7_T4_R1	B7_T5_R1	B8_T2_R1	B8_T3_R1	B8_T4_R1	B8_T5_R1	C1_T1_R1	C1_T2_R1	C1_T3_R1	C1_T4_R1	C1_T5_R1	C2_T1_R1	C2_T2_R1	C2_T3_R1	C2_T4_R1	C2_T5_R1	C3_T1_R1	C3_T2_R1	C3_T3_R1	C3_T4_R1	C3_T5_R1	C6_T1_R1	C6_T2_R1	C6_T3_R1	C6_T4_R1	C6_T5_R1	C7_T2_R1	C7_T3_R1	C7_T4_R1	C7_T5_R1	D1_T2_R1	D1_T3_R1	D1_T4_R1	D1_T5_R1	D2_T1_R1	D2_T2_R1	D2_T3_R1	D2_T4_R1	D2_T5_R1	D4_T1_R1	D4_T2_R1	D4_T3_R1	D4_T4_R1	D4_T5_R1	D5_T2_R1	D5_T3_R1	D5_T4_R1	D5_T5_R1	D6_T1_R1	D6_T2_R1	D6_T3_R1	D6_T4_R1	D6_T5_R1	E1_T1_R1	E1_T3_R1	E1_T4_R1	E1_T5_R1	E2_T1_R1	E2_T2_R1	E2_T3_R1	E2_T4_R1	E2_T5_R1	E3_T2_R1	E3_T3_R1	E3_T4_R1	E3_T5_R1	E5_T1_R1	E5_T2_R1	E5_T3_R1	E5_T4_R1	E5_T5_R1	E7_T2_R1	E7_T3_R1	E7_T4_R1	E7_T5_R1	F1_T2_R1	F1_T3_R1	F1_T4_R1	F1_T5_R1	F3_T2_R1	F3_T3_R1	F3_T4_R1	F3_T5_R1	F4_T2_R1	F4_T3_R1	F4_T4_R1	F5_T1_R1	F5_T2_R1	F5_T3_R1	F5_T4_R1	F5_T5_R1	F7_T1_R1	F7_T2_R1	F7_T3_R1	F7_T4_R1	F7_T5_R1	F8_T1_R1	F8_T2_R1	F8_T3_R1	F8_T4_R1	F8_T5_R1	G1_T1_R1	G1_T4_R1	G1_T5_R1	G2_T2_R1	G2_T3_R1	G2_T4_R1	G2_T5_R1	G3_T2_R1	G3_T3_R1	G3_T4_R1	G3_T5_R1	G4_T1_R1	G4_T2_R1	G4_T3_R1	G4_T4_R1	G4_T5_R1	G5_T5_R1	G6_T1_R1	G6_T3_R1	G6_T4_R1	G6_T5_R1	G7_T1_R1	G7_T2_R1	G7_T3_R1	G7_T4_R1	G7_T5_R1	G8_T1_R1	G8_T2_R1	G8_T3_R1	G8_T4_R1	H1_T2_R1	H1_T3_R1	H1_T4_R1	H1_T5_R1	H2_T2_R1	H2_T3_R1	H2_T4_R1	H2_T5_R1	H4_T2_R1	H4_T3_R1	H4_T4_R1	H4_T5_R1	H5_T2_R1	H5_T3_R1	H5_T4_R1	H5_T5_R1	H7_T2_R1	H8_T1_R1	H8_T2_R1	H8_T3_R1	H8_T4_R1	H8_T5_R1	I2_T2_R1	I2_T3_R1	I2_T4_R1	I2_T5_R1	I5_T1_R1	I5_T2_R1	I5_T3_R1	I5_T4_R1	I5_T5_R1	I6_T2_R1	I6_T3_R1	I6_T4_R1	I6_T5_R1	Resv_T2_R1	Resv_T3_R1	Resv_T4_R1	Resv_T5_R1	Cont_T1_R1	Cont_T2_R1	Cont_T3_R1	Cont_T4_R1	Cont_T5_R1	A4_T2_R2	A4_T3_R2	A4_T4_R2	A4_T5_R2	B1_T2_R2	B1_T3_R2	B1_T4_R2	B1_T5_R2	B2_T2_R2	B2_T3_R2	B2_T4_R2	B2_T5_R2	B3_T2_R2	B3_T3_R2	B3_T4_R2	B3_T5_R2	B4_T2_R2	B4_T3_R2	B4_T4_R2	B4_T5_R2	B5_T2_R2	B5_T3_R2	B5_T4_R2	B5_T5_R2	B6_T2_R2	B6_T3_R2	B6_T4_R2	B6_T5_R2	B7_T2_R2	B7_T3_R2	B7_T4_R2	B7_T5_R2	B8_T2_R2	B8_T3_R2	B8_T4_R2	B8_T5_R2	C1_T2_R2	C1_T3_R2	C1_T4_R2	C1_T5_R2	C2_T1_R2	C2_T2_R2	C2_T3_R2	C2_T4_R2	C2_T5_R2	C3_T1_R2	C3_T2_R2	C3_T3_R2	C3_T4_R2	C3_T5_R2	C6_T2_R2	C6_T3_R2	C6_T4_R2	C6_T5_R2	C7_T2_R2	C7_T3_R2	C7_T4_R2	C7_T5_R2	D1_T2_R2	D1_T3_R2	D1_T4_R2	D1_T5_R2	D2_T2_R2	D2_T3_R2	D2_T4_R2	D2_T5_R2	D4_T3_R2	D4_T4_R2	D5_T2_R2	D5_T3_R2	D5_T4_R2	D5_T5_R2	D6_T1_R2	D6_T2_R2	D6_T3_R2	D6_T4_R2	E1_T2_R2	E1_T3_R2	E1_T4_R2	E1_T5_R2	E2_T1_R2	E2_T2_R2	E2_T3_R2	E2_T4_R2	E2_T5_R2	E3_T2_R2	E3_T3_R2	E3_T4_R2	E3_T5_R2	E5_T2_R2	E5_T3_R2	E5_T4_R2	E5_T5_R2	E7_T2_R2	E7_T3_R2	E7_T4_R2	E7_T5_R2	F1_T2_R2	F1_T3_R2	F1_T4_R2	F1_T5_R2	F3_T2_R2	F3_T3_R2	F3_T4_R2	F3_T5_R2	F4_T2_R2	F4_T3_R2	F5_T1_R2	F5_T2_R2	F5_T3_R2	F5_T4_R2	F7_T3_R2	F7_T4_R2	F7_T5_R2	F8_T2_R2	F8_T3_R2	F8_T4_R2	F8_T5_R2	G1_T4_R2	G1_T5_R2	G2_T2_R2	G2_T3_R2	G2_T4_R2	G2_T5_R2	G3_T2_R2	G3_T3_R2	G3_T4_R2	G3_T5_R2	G4_T1_R2	G4_T2_R2	G4_T3_R2	G4_T4_R2	G4_T5_R2	G6_T1_R2	G6_T3_R2	G6_T4_R2	G6_T5_R2	G7_T2_R2	G7_T3_R2	G7_T4_R2	G7_T5_R2	G8_T2_R2	G8_T3_R2	G8_T4_R2	G8_T5_R2	H1_T2_R2	H1_T3_R2	H1_T4_R2	H1_T5_R2	H2_T2_R2	H2_T3_R2	H2_T4_R2	H2_T5_R2	H4_T2_R2	H4_T3_R2	H4_T4_R2	H4_T5_R2	H5_T2_R2	H5_T3_R2	H5_T4_R2	H5_T5_R2	H7_T2_R2	H8_T1_R2	H8_T2_R2	H8_T3_R2	H8_T4_R2	H8_T5_R2	I2_T2_R2	I2_T3_R2	I2_T4_R2	I2_T5_R2	I5_T2_R2	I5_T3_R2	I5_T4_R2	I5_T5_R2	I6_T2_R2	I6_T3_R2	I6_T4_R2	I6_T5_R2	Resv_T2_R2	Resv_T3_R2	Resv_T4_R2	Resv_T5_R2	Cont_T1_R2	Cont_T2_R2	Cont_T3_R2	Cont_T4_R2	Cont_T5_R2
Eukaryota	Fungi	Ascomycota	Eurotiomycetes	Eurotiales	Aspergillaceae	Penicillium	Unknown	0	0	0	0	0	0	0	0	0	0	0	0	0	0	0	0	0	0	0	0	0	0	0	0	0	0	0	0	0	0	0	0	0	0	0	0	0	0	0	0	0	0	0	0	0	0	0	0	0	0	0	0	0	0	0	0	0	0	0	0	0	0	0	0	0	0	0	0	0	0	0	0	0	0	0	0	0	0	0	0	0	0	0	0	0	0	0	0	0	0	0	0	0	0	0	0	0	0	0	0	0	0	0	0	0	0	0	0	0	0	0	0	0	0	0	0	0	0	0	0	0	0	0	0	0	0	0	0	0	0	0	0	0	0	0	0	0	0	0	0	0	0	0	0	0	0	0	0	0	0	0	0	0	0	0	0	0	0	0	0	0	0	0	0	0	0	0	0	0	0	0	0	0	0	0	0	0	0	0	0	0	0	0	0	0	0	0	0	0	0	0	0	0	0	0	0	0	0	0	0	0	0	0	0	0	85	0	0	0	0	0	0	0	0	0	0	0	0	0	0	0	0	0	0	0	0	0	0	0	0	0	0	0	0	0	0	0	0	0	0	0	0	0	0	0	0	0	0	0	0	0	0	0	0	0	0	0	0	0	0	0	0	0	0	0	0	0	0	0	0	0	0	0	0	0	0	0	0	0	0	0	0	0	0	0	0	0	0	0	0	0	0	0	0	0	0	0	0	0	0	0	0	0	0	0	0	0	0	0	0	0	0	0	0	0	0	0	0	0	0	0	0	0	0	0	0	0	0	0	0	0	0	0	0	0	0	0	0	0	0	0	0	0	0	0	0	0	0	0	0	0	0	0	0	0	0	0	0	0	0	0	0	0	0	0	0	0	0	0	0	0	0	0	0	0	0	0	0	0	0	0	0	0	0	0	0	0	0	0	0	0	0	0	0
Eukaryota	Fungi	Ascomycota	Sordariomycetes	Hypocreales	Nectriaceae	Cosmospora	Cosmospora_meliopsicola	0	0	0	0	0	0	0	0	0	0	0	0	0	0	0	0	0	0	0	0	0	0	0	0	0	0	0	0	0	0	0	0	0	0	0	0	0	0	0	0	0	0	0	0	0	0	0	0	0	0	0	0	0	0	0	0	0	0	0	0	0	0	0	0	0	0	0	0	0	0	0	0	0	0	0	0	0	0	0	0	0	0	0	0	0	0	0	0	0	0	0	0	0	0	0	0	0	0	0	0	0	0	0	0	0	0	0	0	0	0	0	0	0	0	0	0	0	0	0	0	0	0	0	0	0	0	0	0	0	0	0	0	0	0	0	0	0	0	0	0	0	0	0	0	0	0	0	0	0	0	0	0	0	0	0	0	0	0	0	0	0	0	0	0	0	0	0	0	0	0	0	0	0	0	0	0	0	0	0	0	0	0	0	0	0	0	0	0	0	0	0	0	0	0	0	0	0	0	0	0	0	0	87	0	0	0	0	0	0	0	0	0	0	0	0	0	0	0	0	0	0	0	0	0	0	0	0	0	0	0	0	0	0	0	0	0	0	0	0	0	0	0	0	0	0	0	0	0	0	0	0	0	0	0	0	0	0	0	0	0	0	0	0	0	0	0	0	0	0	0	0	0	0	0	0	0	0	0	0	0	0	0	0	0	0	0	0	0	0	0	0	0	0	0	0	0	0	0	0	0	0	0	0	0	0	0	0	0	0	0	0	0	0	0	0	0	0	0	0	0	0	0	0	0	0	0	0	0	0	0	0	0	0	0	0	0	0	0	0	0	0	0	0	0	0	0	0	0	0	0	0	0	0	0	0	0	0	0	0	0	0	0	0	0	0	0	0	0	0	0	0	0	0	0	0	0	0	0	0	0	0	0	0	0	0	0	0	0	0	0	0	0	0	0
Eukaryota	Metazoa	Arthropoda	Arachnida	Sarcoptiformes	Unknown	Unknown	Unknown	0	0	0	0	0	0	0	0	0	0	0	0	0	0	0	0	0	0	0	0	0	0	0	0	0	0	0	0	0	0	0	0	0	0	0	0	0	0	0	0	0	0	0	0	0	0	0	0	0	0	0	0	0	0	0	0	0	0	0	0	0	0	0	0	0	0	0	0	0	0	0	0	0	0	0	0	0	0	4466	0	0	0	0	0	0	0	0	0	0	0	0	0	0	0	0	0	0	0	0	0	0	0	0	0	0	0	0	0	0	0	0	0	0	0	0	0	0	0	0	0	0	0	0	0	0	0	0	0	0	0	0	0	0	0	0	0	0	0	0	0	0	0	0	0	0	0	0	0	0	0	0	0	0	0	0	0	0	0	0	0	0	0	0	0	0	0	0	0	0	0	0	0	0	0	0	0	0	0	0	0	0	0	0	0	0	0	0	0	0	0	0	0	0	0	0	0	0	0	0	0	0	0	0	0	0	0	0	0	0	0	0	0	0	0	0	0	0	0	0	0	0	0	0	0	0	0	0	0	0	0	0	0	0	0	0	0	0	0	0	0	0	0	0	0	0	0	0	0	0	0	0	0	0	0	0	0	0	0	0	0	0	0	0	0	0	0	0	0	0	0	0	0	0	0	0	0	0	0	0	0	0	0	0	0	0	0	0	0	0	0	0	0	0	0	0	0	0	0	0	0	0	0	0	0	0	0	0	0	0	0	0	0	0	0	0	0	0	0	0	0	0	0	0	0	0	0	0	0	0	0	0	0	0	0	0	0	0	0	0	0	0	0	0	0	0	0	0	0	0	0	0	0	0	0	0	0	0	0	0	0	0	0	0	0	0	0	0	0	0	0	0	0	0	0	0	0	0	0	0	0	0	0	0	0	0	0	0	0	0	0	0	0	0	0
Eukaryota	Metazoa	Arthropoda	Branchiopoda	Diplostraca	Chydoridae	Alona	Alona_cf._glabra_BOLD:AAD5055	0	0	0	0	2109	0	0	0	490	0	0	0	0	0	0	0	0	0	0	0	0	1447	0	13	0	29	0	0	2	1	0	0	0	0	0	0	0	0	20	0	0	32	0	2	0	0	0	0	0	0	0	0	0	0	0	0	4	94	0	0	0	168	0	0	0	0	0	0	0	0	0	0	18	0	18	0	88	7	0	0	38	0	0	0	0	0	0	0	0	0	0	0	0	2	1	414	0	0	111	0	0	0	0	1	0	0	0	0	0	0	0	0	0	0	0	0	0	0	0	0	0	0	0	4	0	0	0	0	0	0	0	0	0	0	0	0	0	0	0	155	0	0	0	0	0	0	132	0	0	0	0	0	0	0	4	6	0	0	0	0	262	0	57	1	0	0	0	0	0	0	866	0	0	0	0	3	0	0	0	0	365	759	0	0	3	1	0	0	0	4	0	0	0	3	0	0	0	0	0	0	0	0	0	0	0	0	0	0	0	0	2517	0	0	0	562	0	0	0	0	33	0	0	0	0	0	0	1574	0	2	0	60	0	0	1	2	0	0	0	0	0	0	0	33	0	0	0	0	4	0	0	0	0	0	0	0	0	0	0	0	1	80	0	0	0	164	0	0	0	0	0	0	0	17	0	0	0	0	0	0	8013	0	0	0	0	0	0	0	0	0	0	0	2	0	3	0	123	0	0	0	2	246	0	0	0	98	0	0	0	0	0	0	0	0	0	0	16	0	0	0	0	20	0	0	0	0	0	0	0	0	0	66	88	180	269	0	3	0	0	0	0	0	0	0	0	4	24	0	8	5562	0	0	0	11	0	0	0	0	0	0	12	0	0	0	4	0	0	0	0	0	9363	0	0	0	5	0	1	0	24	0	0	0	25	0	0	0	0	0	0	0	0	0	0	0	0
Eukaryota	Metazoa	Arthropoda	Branchiopoda	Diplostraca	Chydoridae	Chydorus	Chydorus_brevilabris	580	0	0	0	145	0	0	0	10253	0	0	0	0	0	0	0	0	0	0	0	0	5712	34	3	0	20018	0	57	6	342	1287	0	0	0	0	0	0	0	548	0	0	20540	0	531	0	0	0	0	0	0	0	0	8	0	0	0	249	240	0	0	0	8560	0	0	0	3	0	0	0	0	0	38	3	0	3680	1519	2340	0	11	0	3310	0	0	0	0	242	0	0	0	0	0	0	0	991	4	0	0	1	4848	358	0	0	2021	10	0	0	0	31	0	0	0	0	0	0	0	0	3738	0	211	0	288	0	0	54	0	0	6	0	0	0	0	0	1	0	0	0	0	0	0	13210	450	0	2	9	59	589	0	0	22	0	4	0	0	0	10	66	0	0	0	0	3988	0	5540	238	0	0	0	0	0	0	1388	0	0	0	525	1227	0	0	3231	0	0	0	36	23	3503	534	4376	0	0	5021	7	0	0	672	0	0	0	0	0	0	0	0	0	0	0	0	481	0	0	0	231	0	0	0	8954	0	812	0	0	559	0	0	0	0	0	0	6101	0	2	0	18334	3	0	0	407	861	0	0	0	0	0	0	596	6	0	0	0	525	0	0	0	0	0	0	0	0	0	0	0	239	236	0	0	0	7572	15	0	0	0	0	0	0	5	3	1470	31	0	0	0	23324	0	0	0	0	0	0	0	0	0	0	0	907	228	0	0	4599	2	0	0	1895	916	0	0	0	219	0	0	0	0	0	0	0	0	0	200	237	0	1	5	29	0	0	0	0	0	0	0	0	0	0	1954	5715	342	401	14	24	2704	0	0	0	15	0	0	59	514	1	0	177	3448	0	343	19	2229	0	0	0	0	0	0	0	0	0	0	2624	57	0	0	2786	0	1	436	0	18	5520	0	7	0	1152	1118	0	0	29	1	0	0	0	129	0	0	0	0	647	0	0
Eukaryota	Metazoa	Arthropoda	Branchiopoda	Diplostraca	Sididae	Diaphanosoma	Diaphanosoma_sp._BOLD:AAI6310	0	0	0	0	0	256	0	0	730	272	0	0	0	0	0	0	0	0	0	0	0	0	248	679	0	0	471	0	0	0	0	0	0	0	0	0	0	0	0	0	0	0	0	0	0	0	0	0	0	0	0	0	0	0	21	0	73	0	141	0	0	0	57	0	0	0	0	0	0	0	0	0	0	0	0	0	34	0	0	0	0	48	0	0	0	0	0	0	0	0	0	0	0	0	396	2881	0	0	0	0	0	0	0	386	0	0	0	3	0	0	0	0	0	0	0	0	0	0	0	0	0	0	0	0	0	0	0	0	611	0	0	0	0	0	0	0	0	0	0	0	0	0	21	0	50	709	0	0	0	0	0	0	0	0	0	0	0	0	0	0	0	0	2879	3123	0	3	0	0	0	0	0	0	0	0	0	681	0	0	0	0	0	62	0	0	0	0	0	0	0	0	0	0	0	0	0	0	0	0	0	0	0	0	0	0	0	0	0	0	0	0	0	408	0	0	779	429	0	0	0	5831	0	0	0	0	0	0	0	3394	3663	0	0	0	0	0	0	0	0	0	0	0	0	0	0	0	0	0	0	0	2660	0	0	0	0	0	0	0	0	1	0	56	0	0	0	0	0	0	0	0	0	0	0	0	0	0	0	0	0	0	0	0	0	0	0	0	0	0	0	0	0	0	0	0	2594	582	0	0	0	0	0	0	1413	88	8	0	0	0	0	0	0	0	0	0	0	0	0	0	0	0	0	0	1178	0	0	0	0	0	0	0	0	0	0	0	0	0	0	4	1198	0	0	0	0	0	0	0	0	0	0	0	0	23	0	1499	892	0	60	0	0	0	0	0	0	0	0	163	0	0	0	0	0	5	368	0	0	0	0	0	0	0	0	0	0	0	0	0	0	0	0	0	0	0	0	0	0	0
Eukaryota	Metazoa	Arthropoda	Insecta	Diptera	Chironomidae	Psectrocladius	Psectrocladius_schlienzi	0	0	0	0	0	0	0	0	0	0	0	0	0	0	0	0	0	0	0	0	0	0	0	1	0	13	0	0	0	0	0	0	0	0	0	1200	0	0	0	0	0	0	0	0	0	0	0	4	0	0	0	0	36	1	0	0	0	0	0	0	0	0	0	0	0	0	0	0	0	0	0	0	0	0	0	0	0	0	0	0	2531	0	0	0	0	0	0	0	0	0	0	0	0	0	0	0	0	0	0	0	0	0	0	0	0	0	0	0	0	0	592	0	0	0	9196	0	0	0	0	0	0	0	0	0	0	0	0	0	0	0	0	0	0	0	0	0	0	0	0	0	0	0	0	13	0	0	0	0	0	0	0	0	0	0	0	0	0	0	0	0	0	0	0	0	0	0	0	463	0	0	0	0	0	0	0	0	0	0	0	0	0	0	0	0	0	0	0	0	0	3	0	0	0	1	0	0	0	0	0	0	0	0	0	0	0	0	0	0	0	0	0	0	0	0	0	0	0	0	0	0	0	0	0	0	0	0	5	0	0	0	3	0	0	0	0	0	0	0	0	6664	0	0	0	0	0	0	0	0	1	0	0	0	0	0	0	0	3	0	0	0	0	0	0	0	0	0	0	0	0	0	0	0	0	0	0	0	0	0	0	236	0	0	0	0	0	0	0	0	0	0	0	2	1	0	0	0	0	0	0	0	4	0	0	0	0	0	0	0	0	0	0	2254	0	6	1	0	0	0	0	0	0	0	0	0	0	4	0	0	0	0	1	0	0	0	0	0	0	0	0	0	0	0	0	0	0	0	0	0	0	0	0	0	1	0	0	7	0	0	0	0	0	0	0	2	0	0	0	0	0	0	0	0	0	0	0	0	0	10	0	0	0	0	4	0	0	0	0	0	0	0	0	0	0	0
Eukaryota	Metazoa	Arthropoda	Insecta	Diptera	Culicidae	Aedes_genus	Aedes_japonicus	0	0	0	0	0	0	0	0	0	0	0	0	0	0	0	0	0	0	0	0	0	0	0	0	0	0	0	0	0	0	0	0	0	0	0	0	0	0	0	0	0	0	3	0	0	0	0	15	0	0	0	0	27	0	0	0	0	0	0	0	0	0	0	0	0	0	0	0	0	0	0	0	0	0	0	0	0	0	0	0	0	0	0	0	1404	0	0	0	0	0	0	0	0	0	0	0	0	4	0	0	0	0	0	0	0	0	0	0	0	0	0	0	0	0	0	0	0	0	0	0	0	0	0	0	0	0	0	0	0	0	0	0	0	0	0	0	0	0	0	0	0	0	0	0	0	0	0	0	0	0	0	0	0	0	0	0	0	0	0	0	0	0	0	0	0	0	0	0	0	0	0	0	0	0	0	0	0	0	0	0	0	0	0	0	0	0	0	0	0	0	0	0	0	0	0	0	0	0	0	0	0	0	0	0	0	0	0	0	0	0	0	0	0	0	0	0	0	0	0	0	0	0	0	0	0	0	0	0	0	0	0	0	0	0	0	0	0	0	0	0	0	0	0	0	0	0	0	0	0	0	0	0	0	0	0	0	0	0	0	0	0	0	0	0	0	0	0	0	0	0	0	0	0	0	0	0	0	0	0	0	0	0	0	0	0	0	0	0	0	0	0	0	0	0	0	0	0	0	0	0	0	0	0	0	0	0	0	0	0	0	0	0	0	0	0	0	0	0	0	0	0	0	0	0	0	0	0	0	0	0	0	0	0	0	0	0	0	0	0	0	0	0	0	0	0	0	0	0	0	0	0	0	0	0	0	0	0	0	0	0	0	0	0	0	0	0	0	0	0	0	0	0	0	0	0	0	0	0	0	0	0	0	0	0	0	0	0	0	0	0	0	0	0	0
Eukaryota	Metazoa	Arthropoda	Insecta	Diptera	Culicidae	Anopheles_genus	Anopheles_punctipennis	0	0	0	0	0	0	0	0	0	0	0	0	0	0	0	0	0	0	0	0	0	0	0	0	0	0	0	0	0	0	0	0	0	0	0	0	0	0	0	0	0	0	0	0	0	0	0	0	0	0	0	0	0	0	0	0	0	0	0	0	0	0	0	0	0	0	0	0	0	0	0	0	0	0	0	0	0	0	0	0	0	0	0	0	0	0	0	0	0	0	0	0	0	0	0	0	0	0	0	0	0	0	0	0	0	0	0	0	0	0	0	0	0	0	0	0	0	0	0	0	0	0	0	0	0	0	0	0	0	0	0	0	0	0	0	0	0	0	0	0	0	0	0	0	0	0	0	0	0	0	0	0	0	0	0	0	0	0	0	0	0	0	0	0	0	0	0	0	0	0	0	0	0	0	0	0	0	0	0	0	0	0	0	0	0	0	0	0	0	0	0	0	0	0	0	0	0	0	0	0	0	0	0	0	0	0	0	0	0	0	0	0	0	0	0	0	0	0	0	0	0	0	0	0	0	0	0	0	0	0	0	0	0	0	0	0	0	0	0	0	0	0	0	0	0	0	0	0	0	0	0	0	0	0	0	0	0	0	0	0	0	0	0	0	0	0	0	0	0	0	0	0	0	0	0	0	0	0	0	0	0	0	0	0	0	0	0	0	0	0	0	0	0	0	0	0	0	0	0	0	0	0	0	0	0	0	0	0	0	0	0	0	0	0	0	0	0	0	0	0	0	0	0	0	0	0	0	0	0	0	0	0	0	0	0	0	0	0	0	0	0	0	0	0	0	0	0	0	0	0	0	0	0	0	0	0	0	0	0	0	0	0	0	0	0	0	0	0	0	0	0	0	0	0	0	0	0	0	1837	0	0	0	0	0	0	0	0	0	0	0	0	0	0	0
Eukaryota	Metazoa	Arthropoda	Insecta	Diptera	Unknown	Unknown	Unknown	0	0	0	14	41	18	2	0	20765	14	281	0	0	0	1	34	0	0	0	0	1	0	0	16	0	0	5426	0	53	0	0	0	40	0	0	4	17	0	9	7	62	94	5	1	0	0	0	17	2824	0	0	0	77	298	0	18	0	0	0	0	0	0	0	0	154	4	0	0	0	0	25	0	2081	0	13	0	1277	0	14	9	1386	407	32	84	3	0	0	2	8	0	0	0	0	0	1	0	0	0	0	0	0	0	0	0	0	0	4467	0	48324	0	0	0	3	18704	0	0	0	23	0	0	207	0	6	5	220	0	0	0	0	0	0	8	14	5	756	0	0	0	0	33	7	83	0	79	0	0	0	0	31	10	0	0	847	22	0	2	9	1385	7	0	0	0	1	0	0	0	18	0	0	0	5	0	0	0	0	0	418	0	0	5	0	0	0	12786	13	0	0	0	2	11	0	0	1	0	0	10	5	0	0	0	0	0	0	380	0	0	0	68	0	9	0	12	246	2	23129	0	0	1185	0	0	0	0	0	0	0	0	0	39	4	0	5	0	0	863	0	0	0	61	0	10	4	29	25	8	35	17	0	0	0	0	0	0	0	0	0	0	404	0	0	6	0	0	0	0	0	0	0	33	0	0	0	0	12	0	0	0	0	21	0	1924	0	19	0	0	0	0	0	0	0	0	0	0	3	0	0	0	0	0	0	153	0	0	0	0	623	0	0	0	0	0	38	0	0	17	0	0	0	0	4	2	1281	0	0	2	0	47	0	0	0	261	8476	0	0	0	0	48	0	227	0	9	0	0	430	0	0	16	1	53	0	0	35	4	9	0	0	0	0	0	0	0	0	0	0	0	0	0	0	0	0	7	0	0	18	14	0	0	3	140	49	0	9	0	2	0	4	0	0	0	0	0	0	0	0	0
Eukaryota	Metazoa	Arthropoda	Insecta	Lepidoptera	Unknown	Unknown	Unknown	0	0	0	0	0	0	0	0	0	0	0	0	0	0	0	0	0	0	0	0	0	0	0	0	0	0	0	0	0	0	0	0	0	0	0	0	0	0	0	0	0	0	0	0	0	0	0	0	0	0	0	0	0	0	0	0	0	0	0	0	0	0	0	0	0	0	0	0	0	0	0	0	0	0	0	0	0	0	0	0	0	0	0	0	0	0	0	0	0	0	0	0	0	0	0	0	0	0	0	0	0	0	0	0	0	0	0	0	0	0	0	0	0	0	0	0	0	0	0	0	0	0	0	0	0	0	0	0	0	0	0	0	0	0	0	0	0	0	0	0	0	0	0	0	0	0	0	0	0	0	0	0	0	0	0	0	0	0	0	0	0	0	0	0	0	0	0	0	0	0	0	0	0	0	0	0	0	0	0	0	0	0	0	19617	0	0	0	0	0	0	0	0	0	0	0	0	0	0	0	0	0	0	0	0	0	0	0	0	0	0	24	55	53	31	22	0	0	0	0	37	0	0	0	0	0	0	0	0	58	111	0	0	0	0	0	0	0	0	0	0	0	0	0	0	0	0	0	44	0	46	14	0	0	0	0	0	0	30	0	17	0	0	0	0	0	0	0	0	0	0	0	0	0	0	0	0	0	0	0	0	0	0	0	0	0	0	0	0	0	0	0	0	0	53	162	0	0	0	0	66	53	13	84	0	0	0	0	0	0	0	0	0	0	0	0	0	0	0	0	0	0	0	0	0	0	0	0	0	0	0	0	0	0	0	0	41	0	0	0	0	0	0	0	0	31	95	16	0	0	0	0	66	0	0	103	0	0	0	0	0	0	0	0	23	7	38	47	0	0	0	0	0	0	0	0	0	0	0	0	0	0	0	0	0	0	0	62	66	21	0	0	0	0	0
Eukaryota	Metazoa	Arthropoda	Insecta	Unknown	Unknown	Unknown	Unknown	26	238	0	13	6412	2949	2403	3761	12189	256	208	2042	40	0	0	1168	5031	177	17	0	1983	4789	4431	4179	2120	835	969	1582	3435	3901	4	4731	2357	77	864	43	6	1572	1345	6293	1128	41	459	3529	4754	5024	2795	327	51	314	0	4	1081	3212	3374	1667	2783	738	1650	5	23	1707	51	7	95	522	0	0	0	0	1188	539	597	341	183	942	1084	8	55	2142	6023	112	65	95	565	597	7	1529	5124	0	74	0	0	4415	3088	2797	1132	698	338	1032	100	329	2161	1429	1518	679	111	569	0	73	6	57	0	0	74	159	0	1006	58	0	85	44	804	9644	2399	50	1553	4479	1335	651	282	33	353	3	18	0	10	169	0	9097	1274	764	1210	721	583	2897	93	3620	70	550	9105	200	233	306	1554	631	1733	266	262	3025	4478	5205	6271	3135	5934	1185	10	4	2	79	10927	18	0	0	1284	2245	1591	1253	721	525	6062	34470	3379	2556	777	4306	6540	888	1049	6680	2803	48	58	335	220	2502	760	4338	3194	2673	3049	0	37	0	0	0	26	1360	11	33	8404	3540	3482	1800	12233	426	227	195	3587	2454	0	0	5087	928	0	0	6685	5230	8685	3258	1623	4047	5063	4244	4389	3	1506	404	173	998	27	0	1657	12279	625	750	335	4398	6167	3697	3252	252	20	405	0	4	3664	2735	3755	3313	899	109	9	8	1711	11	207	26	0	4	0	0	485	1142	887	79	10	0	2535	318	204	65	0	79	0	1439	3301	0	2	0	0	4487	2890	4674	1544	339	53	94	553	2562	1785	3069	972	116	3	3	131	0	63	0	0	975	516	367	254	0	0	3045	262	3555	4085	585	39	7	36	68	0	3	9	3	3821	934	272	268	206	3322	2135	5517	7004	422	11471	310	56	4077	2605	3125	785	2593	3608	4744	1814	3195	3758	8436	1533	4	4	0	5	11078	63	6	0	2801	2859	3052	1113	1399	387	6836	40536	41871	28	1037	3813	8527	871	11248	1263	23	430	165	185	2451	660	4150	4084	2799	2373	0	0	0	0	0
Eukaryota	Metazoa	Arthropoda	Unknown	Unknown	Unknown	Unknown	Unknown	56962	3350	14	25387	4509	4524	9012	4912	3919	42939	2364	5095	2093	49	10	2399	8504	929	12893	13686	7954	8118	4482	13506	15224	17256	10982	4059	7851	9357	1199	15091	2209	2920	5967	37168	15687	8404	19384	24968	12917	2970	5452	11789	6812	3748	7569	2446	2092	15147	43149	48151	2275	11906	5720	4004	17245	1939	12499	46924	50651	43528	16118	431	2785	4088	498	827	399	25	6097	7142	3498	4075	6499	40036	7445	4556	1836	5660	5934	4015	593	5407	899	530	2007	8094	2071	85	657	184	14	13216	8527	8215	1785	977	6962	2350	1616	1912	10426	8489	7670	2263	7761	2450	104	3081	214	19355	228	68	33	19117	59	3403	9185	1368	3361	1733	2255	34639	22707	44950	1932	14646	2556	22611	927	14263	20052	509	1937	2843	465	12397	558	19148	17110	114	13781	2155	16361	1696	1305	3170	2167	746	14947	961	1999	12332	21008	31196	14859	13099	5367	6255	11477	7352	6658	6247	3031	3033	685	391	1859	5929	23259	3469	966	492	11052	7165	5465	2312	6944	17348	12932	11257	1513	619	20024	24485	4856	2939	6430	43630	21976	117	16	3112	7554	7018	2861	2461	5402	2109	1646	731	0	0	0	0	59316	1599	31	29211	6279	4225	5435	8479	4068	40721	32974	3296	6322	20894	287	149	8503	632	10892	17215	9470	7846	11517	9651	16032	11474	15720	13185	11675	2112	4234	600	4609	3427	38680	19422	19562	18540	9146	10161	7826	11686	11194	3297	9650	2565	2364	13550	34417	40535	11586	4267	10782	18270	2094	9372	41387	41708	44880	1912	2619	390	1036	1534	411	22	2904	7088	41593	2725	2573	398	5145	3900	2481	686	446	19	2103	14334	5027	552	28	147	3	15887	9991	10463	2043	8449	2170	2342	2814	11273	8048	8195	4013	9821	389	1048	4034	39	12285	264	114	244	22597	5665	13272	1853	367	20687	3620	4217	15623	22560	37163	7770	383	3477	4045	303	350	1574	28920	12240	13858	13750	12095	40312	1175	4647	2621	863	13285	1442	1671	21009	29563	12007	10634	5517	9717	5850	6868	16150	6027	22667	5738	300	2445	1603	1486	28201	6738	706	577	12006	5399	9264	5984	7129	19533	8465	11306	4014	2254	17146	16279	16055	4835	49081	22057	65	11	3375	2855	6576	4240	2876	6699	2731	4720	17	361	1564	0	0
Eukaryota	Metazoa	Chordata	Mammalia	Artiodactyla	Bovidae	Bos	Bos_taurus	0	0	0	0	0	0	0	0	0	0	0	0	0	0	0	0	0	0	0	0	0	0	0	0	0	0	0	0	0	0	0	0	0	0	0	0	0	0	0	0	0	0	0	0	0	0	0	0	0	0	0	0	0	0	0	0	0	0	0	0	0	0	0	0	0	0	0	0	0	0	0	0	0	0	0	0	0	0	0	0	0	0	0	0	0	0	0	0	0	0	0	0	0	0	0	0	0	0	0	0	0	0	0	0	0	0	0	0	0	0	0	0	0	0	0	0	0	0	0	0	0	0	0	0	0	0	0	0	0	0	0	0	0	0	0	0	0	0	0	0	0	0	0	0	0	0	0	0	0	0	0	0	0	0	0	0	0	0	0	0	0	0	0	0	0	0	0	0	0	0	0	0	0	0	0	0	0	0	0	0	0	0	0	0	0	0	0	0	0	0	0	0	0	0	0	0	0	0	0	0	0	0	0	0	0	0	0	0	0	0	0	0	0	0	0	0	0	0	0	0	0	0	0	0	0	0	0	0	0	0	0	0	0	0	0	0	0	0	0	0	0	0	0	0	0	0	0	0	0	0	0	0	0	0	0	0	0	0	0	0	0	0	0	0	0	0	0	0	0	0	0	0	0	0	0	0	0	0	0	0	0	0	0	0	0	0	0	0	0	0	0	0	0	0	0	0	0	0	0	0	0	0	0	0	0	0	0	0	0	0	0	0	0	0	0	0	0	0	0	0	0	0	0	0	0	0	0	0	0	0	0	0	0	0	0	0	0	0	0	0	0	0	0	0	0	0	0	0	0	0	0	0	0	0	0	0	0	0	0	0	0	0	0	0	0	0	0	0	0	0	0	0	0	0	0	0	0	0	0	0	0	0	0	0	0	0	0	0	0	0	32	0	0	0
Eukaryota	Metazoa	Chordata	Mammalia	Primates	Hominidae	Homo	Homo_sapiens	0	0	0	0	0	0	0	0	0	0	0	0	0	0	0	0	0	0	0	0	0	0	0	0	0	0	0	0	0	0	0	0	0	0	0	0	0	0	0	0	0	0	0	0	0	0	0	0	0	0	0	0	0	0	0	0	0	0	0	0	0	0	0	0	0	0	0	0	0	0	0	0	0	0	0	0	0	0	0	0	0	0	0	0	0	0	0	0	0	0	0	0	0	0	0	0	0	0	0	0	0	0	0	0	0	0	0	0	0	0	0	0	0	0	0	0	0	0	0	0	0	0	0	0	0	0	0	0	0	0	0	0	0	0	0	0	0	0	0	0	0	0	0	0	0	0	0	0	0	0	0	0	0	0	0	0	0	0	0	0	0	0	0	0	0	0	0	0	0	0	0	0	0	0	0	0	0	0	0	0	0	0	0	0	0	0	0	0	0	0	0	0	0	0	0	0	0	0	0	0	0	0	0	50	0	0	0	0	0	0	0	0	0	0	0	0	0	0	0	0	0	0	0	0	0	0	0	0	0	0	0	0	0	0	0	0	0	0	0	0	0	0	0	0	0	0	0	0	0	0	0	0	0	0	0	0	0	0	0	0	0	0	0	0	0	0	0	0	0	0	0	0	0	0	0	0	0	0	0	0	0	0	0	0	0	0	0	0	0	0	0	0	0	0	0	0	0	0	0	0	0	0	0	0	0	0	0	0	0	0	0	0	0	0	0	0	0	0	0	0	0	0	0	0	0	0	0	0	0	0	0	0	0	0	0	0	0	0	0	0	0	0	0	0	0	0	0	0	0	0	0	0	0	0	0	0	0	0	0	0	0	0	0	0	0	0	0	0	0	0	0	0	0	0	0	0	0	0	0	0	0	0	0	0	0	0	0	0	0	0	0	0	0	0
Eukaryota	Metazoa	Cnidaria	Hydrozoa	Unknown	Unknown	Unknown	Unknown	11	65	9	48	134	0	1	0	0	0	0	0	0	0	0	0	7	0	0	0	2	133	3	0	8	0	0	0	0	0	0	0	0	11	61	205	47	0	62	158	53	0	0	66	10	0	0	0	0	0	0	0	0	18	0	0	8	0	39	0	0	0	0	2	408	0	3	12	0	0	1	9	6	56	0	26	2	77	59	0	0	4	14	5	0	24	25	3	0	1	1	0	0	69	0	0	0	0	34	3	0	5	39	0	0	0	22	2	0	158	25	37	0	0	0	0	149	0	0	94	11	408	0	0	5	0	0	0	0	0	536	0	0	39	192	0	19	0	91	0	0	0	0	0	0	0	1229	326	306	0	0	80	2024	0	0	0	0	0	0	0	0	0	0	2	0	0	0	0	0	14	0	0	0	0	0	0	0	0	0	0	0	0	2	0	0	13	19	1423	0	0	0	10	1	0	13	31	302	0	0	0	0	0	0	0	0	0	15	0	32	15	198	0	0	0	0	0	0	0	0	0	0	0	5	0	0	0	217	0	0	0	0	0	0	0	0	0	0	0	18	130	38	20	61	446	0	40	0	52	18	0	0	0	3	0	0	0	13	16	0	0	0	106	0	0	0	0	9	101	2	161	0	2	16	33	39	0	0	7	0	0	17	18	15	11	3	0	0	75	0	0	0	55	2	0	0	44	4	0	0	46	15	0	0	22	6	0	36	16	188	0	0	0	0	0	1	97	13	15	0	0	0	0	0	0	184	121	0	18	12	124	0	0	0	0	0	0	0	0	202	0	1	47	1294	0	0	0	0	3	0	0	0	0	0	0	0	0	0	0	0	0	0	0	0	0	0	0	0	0	0	0	15	0	7	0	38	9	957	0	3	2	3	0	10	4	305	0	0	0	0	0	0	0	0	0
Eukaryota	Metazoa	Mollusca	Gastropoda	undef_Gastropoda	Pachychilidae	Sulcospira	Sulcospira_paludiformis	0	0	0	0	34	4	34	7	0	0	0	0	0	0	0	282	0	0	0	0	3105	133	109	55	5	135	0	0	0	0	0	0	0	0	0	0	0	3012	4	0	0	0	5396	357	634	933	82	822	0	0	0	0	6604	289	484	188	19	0	0	0	0	0	0	0	0	3344	0	0	0	0	4460	96	21	9	9	0	0	0	0	2089	0	0	0	0	197	0	0	0	12632	0	0	0	0	154	86	37	1	1655	0	101	0	0	106	113	31	0	0	52	0	0	0	0	0	0	0	0	0	4488	0	0	0	0	1467	0	0	0	0	270	0	0	0	0	650	0	0	0	0	0	0	0	0	0	0	1729	0	0	0	0	0	483	0	0	0	478	4	0	0	0	282	4	0	0	15	5	0	2	0	0	0	0	0	0	0	0	2	5	0	1	16	22	8	0	0	0	0	0	0	0	5141	0	0	0	0	15	0	0	0	0	0	0	0	0	0	0	0	0	0	0	0	0	66	83	0	3094	0	0	0	0	1	107	0	0	0	0	0	0	108	385	41	0	181	0	0	0	0	0	0	0	0	0	0	0	12	0	0	0	6015	403	1081	843	71	931	0	0	0	0	371	561	636	23	0	0	0	0	0	2	0	0	0	0	0	0	37	9	2	0	0	0	2090	0	0	0	0	0	0	0	11191	0	0	0	0	169	176	43	0	0	0	0	0	148	232	16	0	0	0	0	0	0	0	0	0	0	0	4393	0	0	0	0	0	0	0	0	0	0	0	0	0	0	0	0	0	0	0	0	1311	0	11	0	0	482	0	0	0	5	0	0	0	2	0	0	0	11	15	0	0	0	0	0	0	0	0	0	0	0	4	0	3	6	17	0	0	0	0	0	0	0	0	0	0	0	0	14	0	0	0	0	0	0	0	0	0	0	0	0
Eukaryota	Metazoa	Rotifera	Eurotatoria	Adinetida	Adinetidae	Adineta	Adineta_vaga	0	0	0	0	0	0	0	0	0	0	0	0	0	0	227	0	0	0	0	0	0	0	0	0	0	0	0	0	0	0	0	0	551	0	0	7247	10126	0	0	0	0	0	0	0	0	0	0	0	0	0	0	0	0	0	0	0	0	0	0	0	0	0	0	0	0	0	0	0	0	0	0	0	0	0	0	0	0	0	0	0	0	0	0	0	0	0	0	0	0	0	0	0	0	0	0	0	0	0	0	0	0	0	0	0	0	0	0	0	0	6	0	8	55969	26677	0	0	0	0	0	0	4475	0	0	0	0	0	29296	0	0	0	0	0	0	15631	753	0	16608	0	17614	0	0	0	0	0	0	0	0	0	4479	0	65	51532	37495	0	0	0	0	0	0	0	0	0	0	0	0	0	0	0	0	0	0	0	0	0	0	0	0	0	0	0	0	0	0	0	0	0	0	0	0	0	0	0	0	0	0	0	0	0	0	0	0	0	0	0	0	0	0	0	0	0	0	0	0	0	0	0	0	0	0	0	0	4607	0	0	0	0	0	0	0	0	0	0	0	0	0	0	0	519	0	0	6714	17843	0	0	0	0	0	0	0	0	0	0	0	0	0	0	0	0	0	0	0	0	0	0	0	0	0	0	0	0	0	0	0	0	0	0	0	0	0	0	0	0	0	0	0	0	0	0	0	0	0	0	0	0	0	0	0	0	0	0	0	0	0	0	0	7	0	0	1352	34798	23645	0	0	0	0	0	0	0	1328	21771	0	0	0	0	427	963	0	11601	17855	20898	0	0	0	0	0	0	0	0	0	0	453	32991	40539	0	0	0	0	0	0	0	0	0	0	0	0	0	0	0	0	0	0	0	0	0	0	0	0	0	0	0	0	0	0	0	0	0	0	0	0	0	0	0	0	0	0	0	0	0	0	0	0	0	0	0
Eukaryota	Metazoa	Rotifera	Eurotatoria	Ploima	Brachionidae	Euchlanis	Euchlanis_dilatata	164	0	0	0	110	0	0	0	490	33	0	0	0	0	0	0	0	0	0	0	0	151	22	0	20	330	218	0	0	48	0	0	0	0	0	0	0	0	60	708	0	1355	0	34	39	0	0	3	0	0	0	0	0	204	4	0	0	217	0	0	0	50	3	0	0	1968	0	0	0	0	0	524	85	558	0	265	234	0	0	0	222	25	0	0	0	0	0	0	16	0	0	0	0	0	24	50	0	0	186	12	0	0	29	0	34	0	1137	9	0	0	0	0	0	0	0	0	0	0	148	149	580	0	0	26	366	0	145	0	271	0	0	0	124	0	0	0	0	304	0	139	7	139	13	0	146	0	0	31	0	0	104	4153	111	9	848	62	14	3	3	29	410	222	204	0	21	0	0	0	0	0	67	0	0	0	41	0	259	33	39	0	1761	110	39	0	282	6	0	0	46	182	0	0	0	51	333	7	10	0	0	0	6	0	0	0	0	0	158	0	0	0	260	0	29	49	373	77	0	4	0	22	0	0	0	0	0	0	95	9	0	0	236	140	0	0	46	0	0	0	0	0	0	0	90	468	3	7	0	34	2	17	88	0	0	0	0	0	162	0	0	0	199	0	0	0	91	0	0	0	0	0	0	0	27	28	280	171	0	0	0	624	0	0	0	0	0	0	0	0	0	0	0	0	0	43	5	144	0	0	0	33	17	63	66	211	0	0	0	0	0	0	0	0	0	0	125	7	0	762	155	68	11736	0	0	0	0	0	0	0	0	0	25	68	0	0	0	219	0	4993	137	0	53	3676	72	1126	131	0	4	23	299	0	0	11	9	0	0	0	0	0	0	0	0	0	0	158	0	0	103	19	0	1017	115	198	0	49	36	0	17	182	0	0	0	5	126	67	13	0	0	37	397	0	0	0	0	0
Eukaryota	Metazoa	Rotifera	Eurotatoria	Ploima	Brachionidae	Keratella	Keratella_cochlearis	0	0	0	0	71	893	0	1223	0	378	286	0	0	0	0	4311	0	0	0	0	586	0	41	0	1470	213	0	0	3850	0	0	143	0	0	0	0	0	76	0	0	0	0	0	445	2109	969	53	4357	0	0	0	0	971	701	19	6042	1519	0	616	0	0	0	49	0	0	0	0	0	0	0	21	0	0	0	0	0	11	0	0	313	0	0	0	0	202	0	0	0	0	0	0	0	0	0	78	1687	1567	673	0	527	0	0	2	10	44	918	0	6	0	200	0	0	0	0	0	0	0	12	33	0	0	0	2823	0	0	0	0	12829	0	0	0	0	2748	0	50	0	0	2858	0	0	698	27	616	1310	0	0	0	1283	0	3566	0	0	0	2984	0	0	7397	19819	9756	0	0	0	935	58	2746	211	0	0	0	0	0	0	0	0	0	0	1670	2897	0	14112	0	0	0	0	0	200	787	174	0	0	0	0	0	13	0	3668	16852	89	446	2620	169	0	0	0	0	0	0	0	0	0	59	914	1389	571	0	429	351	206	0	0	0	0	0	0	0	0	0	5	3	333	324	8	20	6992	0	0	0	0	0	0	0	0	0	7	0	0	0	510	212	2648	447	2536	0	0	0	0	520	537	998	1357	0	0	0	0	0	0	0	0	0	0	0	0	0	0	0	40	0	0	22	0	0	0	0	0	0	0	0	0	0	0	0	0	305	2042	1013	0	0	0	0	3	31	180	1515	0	0	0	253	0	0	0	0	0	0	24	28	0	0	0	0	0	0	0	0	0	0	102	0	0	0	0	0	1755	3362	3524	7125	0	0	3703	138	3198	0	0	0	0	6	10295	23922	0	0	67	0	22	810	149	163	0	0	0	0	0	0	0	0	66	0	650	232	0	12776	0	0	0	0	0	74	1891	13	0	0	0	0	0	0	308	11582	73	36	624	487	0	0	0	0	0
Eukaryota	Metazoa	Rotifera	Eurotatoria	Ploima	Brachionidae	Unknown	Unknown	4	0	0	0	41	0	0	0	38	0	0	0	0	0	0	0	0	0	0	0	0	0	0	0	0	288	72	0	64	65	0	1030	0	0	0	0	0	0	20	198	0	10	0	4	0	0	0	0	0	0	0	0	4	0	0	0	0	0	0	0	0	0	0	0	0	0	0	0	0	0	0	31	27	497	0	91	39	0	0	0	8	13	0	0	0	0	0	0	0	0	0	0	0	0	6	0	0	0	36	0	0	0	0	0	7	0	0	0	0	0	0	0	0	0	0	0	0	0	33	0	5	0	0	0	0	0	0	0	8	0	0	0	0	0	0	0	0	0	0	0	0	0	0	0	0	0	0	0	0	0	0	0	0	0	0	0	0	0	0	0	0	0	0	0	0	0	0	0	0	0	0	0	0	0	0	0	0	0	0	0	7	0	0	0	0	0	0	0	0	0	0	0	0	3	48	0	0	0	0	0	0	0	0	0	0	0	4	0	0	0	0	0	0	0	37	0	0	0	0	0	0	0	0	0	0	0	0	0	0	0	266	0	54	0	79	0	0	0	0	0	0	0	15	0	0	0	0	4	0	0	0	0	0	0	0	0	0	0	0	0	0	0	0	0	0	0	0	0	0	0	0	0	0	46	86	7	0	0	0	26	0	0	0	0	0	0	0	0	0	0	0	0	0	0	0	29	0	0	0	0	0	0	0	0	0	0	0	0	0	0	0	0	0	0	41	0	0	0	0	18	236	0	0	0	0	0	0	0	0	0	0	0	0	2	0	0	0	0	0	0	0	0	0	0	0	0	0	0	0	0	0	0	0	0	0	0	0	0	0	0	0	0	0	0	0	0	0	1	0	43	0	0	0	0	0	0	0	0	0	0	0	0	0	0	0	0	0	0	0	0	0	0	0	0
Eukaryota	Metazoa	Rotifera	Eurotatoria	Ploima	Lecanidae	Lecane	Lecane_bulla	387	0	0	0	0	0	0	0	641	81	0	76	0	0	0	0	0	0	0	0	0	0	0	0	0	138	111	0	0	255	0	0	0	30	0	0	0	0	0	0	184	0	0	0	0	0	0	0	0	0	0	0	0	0	0	0	0	8	0	0	0	0	17	0	0	0	0	0	0	0	0	0	0	0	0	74	0	0	0	0	19	9	0	0	0	0	0	0	0	0	0	0	0	0	0	0	0	0	2074	0	0	0	0	0	0	0	0	0	0	0	0	0	0	0	0	0	0	0	0	0	0	0	0	0	56	0	0	0	139	0	0	0	0	0	0	0	0	22	0	0	0	0	0	0	85	0	0	0	0	0	0	143	69	0	0	45	0	0	0	0	0	0	6	0	0	0	0	0	0	0	1499	0	0	0	0	0	0	0	0	0	190	0	0	0	0	0	0	0	0	0	0	0	0	0	0	0	0	0	0	0	137	0	0	0	0	0	332	0	0	0	0	0	0	0	515	134	0	0	52	82	0	0	0	0	0	0	0	0	0	0	139	95	0	0	229	0	0	0	29	0	0	0	0	89	0	0	0	0	0	0	0	0	0	0	0	0	0	0	0	0	4	0	0	0	0	0	0	0	0	0	0	0	0	0	85	0	0	0	0	102	0	0	0	0	0	0	0	0	0	0	0	0	0	2	8	1916	0	0	0	0	0	0	0	708	0	0	0	0	0	0	0	0	0	0	0	0	0	97	6	0	2551	0	0	0	0	0	0	0	0	0	0	0	5	7	0	189	0	0	0	0	174	137	91	5	30	0	0	109	161	0	0	1	0	0	0	0	0	0	0	890	0	0	0	0	0	0	0	0	0	288	0	0	0	33	0	0	0	0	0	0	0	0	0	9	0	0	0	0	0	0	0	0	0	0
Eukaryota	Metazoa	Rotifera	Eurotatoria	Ploima	Lecanidae	Lecane	Lecane_closterocerca	0	0	0	0	0	0	0	0	0	7	0	0	0	0	0	0	0	0	0	0	0	0	0	0	0	0	0	0	0	0	0	0	0	24	0	0	0	0	0	0	0	0	0	0	0	0	0	0	0	0	0	0	0	0	0	0	0	0	0	0	0	0	0	0	0	0	0	0	0	0	0	0	0	0	0	0	65	0	0	0	0	0	0	0	0	0	0	0	0	0	0	0	0	0	0	0	0	0	0	0	0	0	0	0	0	0	0	0	0	0	0	0	0	0	0	0	0	0	0	251	25	0	0	0	38	0	0	0	0	0	0	0	0	0	0	0	0	18	0	0	0	43	0	0	0	9	0	0	0	0	7	3313	403	0	0	0	0	0	0	0	95	888	0	0	0	0	0	0	0	0	0	0	0	0	0	0	0	0	0	0	0	0	0	0	0	0	0	0	0	0	0	0	0	0	0	0	0	0	0	0	0	0	0	0	0	0	0	0	0	0	0	0	0	0	0	19	0	0	0	41	0	0	0	0	0	0	0	0	0	0	0	0	0	0	0	0	0	0	54	0	0	0	0	0	0	0	0	0	0	0	0	0	0	0	0	0	0	0	0	0	0	0	0	0	0	0	0	0	0	0	0	0	0	0	0	14	0	0	0	0	0	0	0	0	0	0	0	0	0	0	0	0	0	0	0	0	0	0	0	0	0	0	0	0	0	0	0	0	0	0	0	0	0	0	0	0	0	31	6	0	0	0	0	0	0	0	0	0	0	0	0	0	38	39	0	0	0	40	0	0	11	2789	419	0	0	0	0	0	67	0	20	0	0	0	0	0	0	0	0	1	0	0	0	0	0	0	0	0	0	0	24	0	0	0	0	0	0	0	0	0	0	0	0	0	0	0	0	0	0	0	0	0	0	0
Eukaryota	Metazoa	Rotifera	Eurotatoria	Ploima	Notommatidae	Cephalodella	Cephalodella_catellina	0	0	148	1946	0	0	0	0	0	0	0	0	0	0	0	0	0	0	0	0	0	0	0	0	0	0	0	0	0	0	0	0	83	0	0	0	629	0	0	0	0	0	0	0	0	0	0	0	6381	1289	0	0	0	0	0	0	0	5671	17	10	0	0	24	334	127	0	17636	378	29	0	0	0	0	0	0	0	14	0	0	0	7279	1340	0	238	0	0	184	349	0	0	0	0	0	0	0	0	0	0	0	0	0	1369	0	8	0	0	0	110	3	1767	9010	1409	493	0	72	7	0	0	0	37	0	111	0	1232	501	257	31	0	0	0	0	317	0	5	62	0	0	0	0	0	0	1374	0	0	0	0	0	4151	0	0	0	0	0	0	0	0	0	0	0	0	0	0	0	0	0	0	0	0	0	0	0	0	0	0	0	0	0	0	0	0	0	0	0	0	0	0	0	0	0	0	0	0	0	0	0	0	0	0	0	0	0	0	0	0	28	0	0	0	1450	427	0	0	0	0	0	0	0	0	0	0	0	0	0	0	0	0	0	0	0	0	0	0	0	0	0	0	0	28	0	0	0	809	0	0	0	0	0	0	0	0	0	0	11450	182	283	0	0	0	0	0	5054	471	7	5	0	94	18	71	7261	726	88	0	0	0	0	0	0	0	0	6947	1045	85	0	0	38	68	0	0	0	0	0	0	0	0	0	0	0	57	638	0	0	0	0	0	342	199	85	3562	3594	784	0	65	36	0	1450	97	0	574	31	0	0	61	201	35	0	0	0	0	8	0	0	0	0	0	0	0	0	10138	233	0	0	0	0	0	0	0	0	0	0	0	23	0	0	0	0	0	0	0	0	0	0	0	0	0	0	0	0	0	0	0	0	0	0	0	0	0	0	0	0	0	0	0	0	0	0	0	0	0	0	0	0	19	0	0
Eukaryota	Metazoa	Rotifera	Eurotatoria	Ploima	Synchaetidae	Ploesoma	Ploesoma_truncatum	0	0	0	0	0	0	0	0	0	0	0	0	0	0	0	0	0	0	0	0	0	0	0	0	0	1129	0	0	0	0	0	0	0	0	0	0	0	0	0	0	0	0	0	0	0	0	0	0	0	0	0	0	0	0	0	0	33	0	0	0	0	0	0	0	0	0	0	0	0	0	781	0	0	0	0	0	0	0	0	40	0	0	0	0	0	0	0	0	0	0	0	0	0	0	0	0	0	0	0	0	0	0	0	0	0	11	0	0	0	0	0	0	0	0	0	0	0	0	0	0	0	0	0	0	0	0	0	0	0	0	0	0	0	0	0	0	0	0	0	0	0	0	0	0	0	0	0	0	0	0	0	0	0	0	0	0	0	0	0	0	0	0	0	0	0	0	0	0	0	0	0	0	0	0	0	0	0	0	0	0	0	0	0	0	0	0	0	0	0	0	0	0	0	0	0	0	0	0	0	0	24	0	0	0	0	0	0	0	0	0	0	0	0	0	0	0	0	0	0	0	0	0	0	0	0	0	0	0	0	31	815	0	0	0	0	0	0	0	0	0	0	0	0	0	0	0	0	0	0	0	0	0	0	0	0	0	0	0	0	34	0	0	0	0	0	0	0	0	0	0	0	0	0	0	0	0	0	0	41	0	0	0	0	0	0	0	0	0	0	0	0	0	0	0	46	0	0	0	0	0	0	0	0	0	0	0	0	0	0	0	0	0	0	0	0	0	0	0	0	0	0	0	0	0	0	0	0	0	0	0	0	0	0	0	0	0	0	0	0	0	0	0	0	0	0	0	0	0	0	0	0	0	0	0	0	0	0	0	0	0	0	0	0	0	0	0	0	0	0	0	0	0	0	0	0	0	0	0	0	0	0	0	0	0	0	0	0	0	81	0	0	0	0	0
Eukaryota	Metazoa	Rotifera	Eurotatoria	Ploima	Synchaetidae	Polyarthra	Polyarthra_dolichoptera	0	0	0	0	0	152	1518	1733	5	0	0	0	16	0	0	7342	0	0	0	0	3897	7071	1322	2660	2812	123	0	0	0	0	0	0	0	0	0	0	0	13698	0	0	0	0	6646	1093	4145	12810	14428	9378	0	0	0	0	14	19356	14656	32326	19940	0	51	0	0	0	0	0	0	774	0	0	0	0	11454	758	6959	10155	17862	1269	230	0	2	5192	0	0	0	0	5842	0	0	0	8086	0	0	0	0	373	396	359	3955	4754	0	762	0	0	16939	560	3029	23507	0	2689	0	0	0	0	0	0	0	0	0	2535	0	0	0	0	5102	0	0	0	0	5972	0	0	0	0	2891	0	0	0	0	0	0	0	0	0	0	641	0	0	0	0	0	5388	0	0	0	2664	8967	1572	0	0	3354	5126	0	0	3627	2346	799	3309	0	0	0	0	0	0	0	0	7081	9068	17745	19683	2833	8333	11440	0	0	0	0	0	0	0	4908	0	0	0	0	23069	0	0	0	64	1700	477	1475	0	0	0	0	0	0	0	0	0	0	234	1926	3765	0	0	0	0	0	0	0	0	0	0	0	0	6277	3283	8743	1601	140	1	0	0	0	0	0	0	0	0	0	0	0	7	0	0	7608	1132	2952	28845	19397	10938	0	0	0	0	17956	16295	28666	20096	0	8	0	0	0	0	0	0	0	3	0	0	12018	14751	1130	0	0	0	6144	0	0	0	0	0	0	0	10930	0	0	0	0	332	362	1183	3651	0	0	0	0	17484	539	4292	21489	0	0	0	0	0	0	0	0	0	0	3374	0	0	40	0	0	0	0	0	0	0	0	0	0	0	0	0	0	0	0	0	6077	0	17	150	0	7400	0	0	0	5929	6490	0	0	4097	0	0	0	3104	4124	0	4975	0	0	0	0	0	0	0	0	6443	16978	30496	11684	2688	9484	10345	0	0	0	0	0	0	0	0	0	0	0	23525	0	0	0	71	62	1224	1838	0	0	0	0	0
Eukaryota	Metazoa	Rotifera	Eurotatoria	Ploima	Synchaetidae	Polyarthra	Polyarthra_vulgaris	0	0	0	0	0	0	0	78	0	0	31	0	0	0	0	0	0	0	0	0	21	0	0	0	0	0	0	0	0	0	0	0	0	0	0	0	0	0	0	0	0	0	0	0	0	0	418	0	0	0	0	0	0	0	0	0	0	0	0	0	0	0	0	0	0	0	0	0	0	0	0	0	0	0	0	0	0	0	0	0	0	0	0	0	0	0	0	0	0	0	0	0	0	0	0	0	27	0	0	0	0	0	0	0	0	0	0	0	0	0	0	0	0	0	0	0	0	0	0	0	0	0	0	0	0	0	0	0	0	0	0	0	0	0	0	0	0	0	0	0	0	0	177	0	0	0	0	257	0	0	0	0	0	0	0	0	0	0	0	0	0	0	0	0	0	83	0	0	0	0	0	0	0	0	0	0	0	0	0	0	0	0	0	0	0	0	0	2	0	0	0	0	0	0	0	0	0	0	0	0	6699	0	0	0	0	0	0	0	0	0	0	0	0	19	0	0	0	0	0	0	0	0	0	0	0	0	0	0	0	0	0	0	0	0	0	0	0	0	0	0	0	0	0	0	0	0	0	0	0	0	355	0	0	0	0	0	0	0	0	0	0	0	0	0	0	0	0	0	0	0	0	0	0	0	0	0	0	0	0	0	0	0	0	0	0	0	0	0	0	0	0	0	0	0	121	0	0	0	0	0	0	0	0	0	0	0	0	0	0	0	0	0	0	0	0	0	0	0	0	0	0	0	0	0	0	0	0	0	0	0	0	0	0	0	0	0	0	0	0	0	0	0	0	0	0	0	0	0	0	0	0	0	0	0	18	0	0	0	0	0	0	0	0	0	0	0	0	0	0	0	0	0	0	0	0	0	7	0	0	0	0	0	0	0	0	0	0	0	5199	0	0	0	0	0
Eukaryota	Metazoa	Rotifera	Eurotatoria	Ploima	Unknown	Unknown	Unknown	0	0	0	0	4593	3848	1759	512	1482	80	6103	0	0	0	0	6443	0	0	0	0	4863	1405	8110	661	1325	79	0	292	3858	1992	0	188	0	0	0	0	0	7434	0	3982	10333	39	13144	1868	4212	1966	3248	4594	0	0	0	0	1159	2808	2158	6337	2118	0	1974	0	0	413	16	0	0	2182	0	0	0	0	5398	8013	18094	9618	0	3763	2902	21202	0	4259	895	0	0	0	3832	0	0	0	7034	0	1	0	0	4172	1323	2263	1370	2176	3381	1378	12501	0	6293	662	934	6186	539	508	0	548	0	0	0	0	0	0	0	5357	109	0	0	0	4521	0	0	0	0	4821	0	0	0	0	4381	0	0	0	0	629	0	3896	3471	188	135	7356	698	713	0	0	0	4071	13	0	0	5132	5500	2724	1334	1016	13061	9363	2224	10764	12196	5812	2509	713	2	0	0	0	590	0	0	0	7854	3615	1797	3796	5688	4881	15280	0	0	0	420	243	1037	1026	14661	145	0	0	0	4602	0	2912	299	5658	2528	1348	3698	0	5	0	0	0	0	0	0	0	4368	5625	3767	4836	1334	137	51	6100	0	2326	0	0	0	0	0	0	1282	3937	1741	1167	80	35	362	2808	1870	0	218	0	0	17	0	0	0	5970	14544	13193	9503	1525	3068	4516	4702	3854	0	0	0	0	2742	2086	4405	1855	0	0	0	0	284	36	0	0	0	0	0	0	28116	18870	3081	3272	3105	0	4679	3240	0	0	0	0	0	0	5696	0	0	0	0	3496	1288	1341	1405	3184	175	14643	0	5864	602	1426	3668	122	41	0	0	0	0	0	0	0	0	4105	100	43	25	0	0	0	0	0	0	0	0	6	0	1	0	0	2720	9006	889	925	3963	2590	510	1518	0	3457	92	0	0	4739	3377	4466	545	7322	7002	2945	0	7013	7484	890	1171	0	0	0	0	369	0	0	0	6381	3038	4353	2393	4470	4353	11942	0	0	0	498	1037	633	695	41	0	0	0	4870	0	2132	233	5273	735	518	746	0	0	0	0	0
Eukaryota	Metazoa	Unknown	Unknown	Unknown	Unknown	Unknown	Unknown	2466	1742	20496	28364	22280	44522	22381	22082	14651	8779	40336	1982	3384	3871	2163	7591	3621	5238	574	4089	20838	20396	28973	16243	27831	2661	11845	22136	18036	4059	7866	24059	31733	7410	1052	730	1240	4556	5867	19121	35009	12624	7125	18858	33589	22065	8078	5899	972	872	1262	747	10813	9660	12035	8123	6199	1331	28961	434	865	4989	27104	2764	22126	4593	1502	2665	3007	3630	3227	17301	15000	4769	4403	12784	9907	19838	11997	1444	2719	3727	1652	673	3825	3513	8336	1991	6141	4223	3776	7452	360	22712	50269	21426	47749	4554	8053	9051	42091	12387	24942	43669	16396	34580	3836	7579	465	28038	947	2186	408	1026	2156	2430	5376	6546	4164	3886	30498	33316	12502	10481	1455	1975	17010	10674	1029	21671	1569	14355	2769	2072	25438	717	1521	38475	2631	16305	24375	2553	15911	3346	2801	37588	13190	28431	49711	7244	973	2995	1623	2734	4256	21186	25946	16300	3409	6498	17466	37902	20620	41123	35214	26025	779	6344	3717	2606	10650	3346	982	4688	8229	33460	24265	18916	24518	6153	8624	4620	3582	10477	21511	19968	10444	6313	7839	4858	885	650	286	1480	20704	26005	16759	37093	34020	26346	21130	0	9	0	86	0	1539	4414	21130	19742	21661	36819	28550	20594	13415	8973	10751	48082	2262	16563	1043	3858	3175	1971	1454	3326	14936	17205	18831	24869	2278	13690	29731	18114	3694	9153	24710	15929	10128	532	1493	1720	5018	12303	33267	31295	6663	18122	21918	15269	7570	4648	692	522	1342	2071	7881	8860	10767	6336	1278	3816	1425	1399	4159	23147	4611	8062	601	1002	2270	3101	15133	8153	12472	26566	17166	6364	2140	3705	3428	1395	1715	12401	9138	1692	5734	882	780	4519	223	20911	43590	24194	36978	8642	1534	40763	19064	22823	36817	17562	29355	3732	1602	2231	27540	155	2388	1244	2268	1579	2707	5092	3708	1901	1786	1905	28879	15958	7901	24214	2395	7426	1489	52191	1430	2378	2237	1390	12405	38479	36880	36396	3993	13231	12181	37868	28993	6215	1234	4147	1229	5871	18301	25144	16655	7444	14692	28908	55779	14981	35459	19966	20357	1192	3275	3143	3275	7546	3230	1679	6671	6782	18731	15766	11134	23820	5908	6462	4938	7174	34478	15128	21113	8957	8210	2817	1191	692	512	1159	19652	30733	14722	36077	31364	25921	12778	1959	0	3263	0	0
Eukaryota	Unknown	Unknown	Unknown	Unknown	Unknown	Unknown	Unknown	13387	28139	52575	18473	30971	8512	16799	17596	6633	15033	22997	44762	66145	70161	71851	36274	56827	65542	60800	56555	13379	18251	13261	10125	9955	28864	39549	24671	34310	43468	52703	20166	31983	25124	66118	20009	46409	7740	24706	13388	12697	36406	8173	22185	10068	12852	17727	30065	55663	56270	29896	25432	30209	19195	30316	11270	8751	46649	23476	26884	21916	11916	11322	31745	36556	39681	48883	69774	70390	70658	20090	38885	26656	43366	40803	12172	15708	12607	39323	18461	22088	59390	71644	67360	36930	63507	63205	61013	12829	69792	68687	66614	17174	14867	7037	23810	7228	40239	45458	46754	11361	57140	6173	8756	22349	2531	39352	55477	3325	22053	58638	51197	17195	27859	62697	52549	11794	25078	17455	57850	34696	29570	36924	16416	46586	27028	24303	16560	46372	19291	9987	45234	33967	55990	16318	69594	54301	18199	53396	8861	11055	10210	40144	49415	6410	11268	10245	8340	10186	42849	48783	10624	27733	40432	14449	11820	10347	20717	29360	41768	10485	5687	8164	6873	17677	15813	72838	67136	54258	64782	18627	23722	51491	63938	26547	14430	12706	12691	29718	17819	12303	20237	16400	27248	21794	24287	45113	61331	8383	13122	30475	62765	70155	40522	44981	23023	36188	20305	16783	31374	34533	0	105	3827	112	833	12211	26081	50297	24045	27312	12381	12746	13777	6994	13670	28965	12233	44757	13789	72918	65384	57227	70437	61984	53788	20622	20922	6813	14137	31592	40072	18474	23073	42253	53777	36728	52271	27528	62225	22744	34366	21506	17773	15795	17672	8415	22882	14427	6286	16061	30095	59609	59372	38261	31727	22804	30160	10748	7925	49068	57018	31422	31090	12588	14032	26753	50635	65282	70797	70832	71192	14153	23595	12041	38571	19198	45121	18620	21686	60940	71693	11678	48514	62590	53944	9669	72217	73295	69621	21231	14715	7126	20040	13432	44243	56612	10442	50997	6863	12885	19899	5169	39467	28558	13795	34211	69752	54339	37214	48244	69150	48216	22879	20221	62515	9940	47146	39861	28668	25543	21088	34386	59053	15044	15232	62321	59875	53800	49999	11564	1548	17644	17978	30960	12024	15178	3235	13603	40458	47209	28044	27055	12944	9048	10922	20276	44939	12267	8290	8308	17265	7703	16618	19061	72819	67401	61825	69458	20556	30009	48153	58529	27515	24548	5373	18004	31488	17213	13701	13809	9047	35341	26737	31469	37433	58437	7792	21526	65139	68948	40707	51037	24699	42337	21200	17502	36198	43118	1700	416	3514	1134	0
Eukaryota	Viridiplantae	Chlorophyta	Chlorophyceae	Sphaeropleales	Hydrodictyaceae	Hydrodictyon	Hydrodictyon_reticulatum	351	33979	847	88	0	51	5	0	24	143	1674	20056	2659	253	58	0	192	2380	0	5	0	82	35	0	3	345	0	9478	409	10812	10912	32	907	38700	221	4	109	0	2	0	0	0	0	0	8	0	0	0	6333	386	12	4	0	209	60	0	0	17426	538	38	6	2489	19163	38925	11514	0	5811	682	0	16	0	79	320	0	7	626	30523	16028	16469	0	21879	3930	201	99	0	5096	416	1093	0	237	33	0	0	9	0	0	0	0	2843	288	142	1103	0	0	0	0	11553	3870	22027	17042	4749	82	1	0	109	8	52705	0	42570	10683	0	8273	0	503	0	0	46	0	22002	227	61001	8	0	0	28804	1129	42	216	6	283	0	58698	2131	0	47017	18612	48134	24699	7337	0	232	186	133	0	45	9	6	55	0	162	23158	6163	61	14	0	0	3	0	0	0	1677	43670	9883	4969	0	2	0	2	0	0	349	1875	48750	554	16	3	0	0	7	329	631	10717	1231	33	233	0	6	0	103	0	0	0	0	2033	0	0	256	31684	1201	853	0	0	0	0	28	100	145	2897	16811	5	65	4	146	9	0	0	82	0	0	0	186	5	25	1726	9621	8154	2833	2696	31678	214	17	24	2	0	0	0	0	0	0	4	0	0	130	149	17	0	193	0	6	0	15398	3324	26	35	2372	34720	39862	14018	114	72	3	4	0	0	453	2796	32180	22285	0	277	5420	262	60477	13199	334	214	0	20	0	0	0	6	0	0	0	2482	2013	63	80	0	4	0	0	14574	42434	55691	6943	653	86	7	0	10	0	0	34217	7557	61810	5	53	0	2506	392	118	24	56756	2072	6509	153	0	0	2	0	120	126	0	1472	39163	1523	21326	3	216	145	77	7	5	4	12	236	16978	23364	1077	0	5	0	0	14	0	6	12	81	33833	17947	8393	3	0	0	0	0	0	79	1793	10209	1326	0	3	0	0	0	3	8394	2194	0	0	0	0	0	0	0	0	0	0	0	0	0
Eukaryota	Viridiplantae	Chlorophyta	Mamiellophyceae	Dolichomastigales	Dolichomastigaceae	Dolichomastix_green_algae	Dolichomastix_tenuilepis	0	0	0	0	334	99	221	95	83	0	0	0	0	0	0	0	0	0	0	0	82	106	68	10	41	0	0	0	0	0	0	0	0	0	0	0	0	0	0	0	0	0	0	126	52	77	188	0	0	0	0	0	0	12	21	0	50	0	46	0	0	0	0	0	0	0	0	0	0	0	0	0	0	0	0	0	10	0	0	0	0	0	0	0	0	0	0	0	0	0	0	0	0	230	148	242	22	0	0	12	0	0	17	122	16	4	0	7	0	0	0	0	0	0	0	0	0	0	0	0	0	0	0	0	0	0	0	12	0	0	0	0	0	0	0	0	0	0	0	100	142	0	0	1	0	0	0	0	0	0	0	0	0	0	0	0	0	0	0	0	0	0	28	322	70	58	0	0	0	0	0	0	0	0	10	187	0	2	0	0	0	0	0	0	7	0	0	0	0	0	0	0	0	0	0	0	0	280	257	89	44	0	0	0	0	0	0	0	0	0	227	122	112	92	56	0	0	0	0	107	0	0	0	0	0	0	86	94	16	46	0	0	0	0	0	0	0	0	0	0	0	0	0	0	0	0	0	83	69	53	151	0	0	0	0	0	6	32	0	37	0	0	0	0	0	0	0	0	0	0	0	0	0	0	0	0	0	0	0	0	0	0	0	0	0	0	0	0	0	0	0	196	107	257	45	0	0	0	0	18	230	16	13	0	0	0	0	0	0	0	0	0	0	0	0	0	0	0	0	0	0	0	0	0	0	0	0	0	0	0	138	38	0	0	0	4	0	0	0	0	0	0	0	0	0	0	0	0	0	0	0	93	372	56	50	0	0	0	0	0	0	0	0	9	186	12	13	0	0	0	0	0	0	9	0	0	0	0	0	0	0	0	0	0	0	287	238	47	91	0	0	0	0	0
Eukaryota	Viridiplantae	Unknown	Unknown	Unknown	Unknown	Unknown	Unknown	0	0	0	0	0	0	0	0	0	0	0	0	0	0	0	0	0	0	0	0	0	0	0	0	0	0	0	0	0	0	0	0	0	0	0	0	0	0	0	0	0	0	0	0	0	0	0	0	0	0	0	0	0	0	0	0	0	0	0	0	0	0	0	0	0	0	0	0	0	0	0	0	0	0	0	0	0	0	0	0	0	0	0	0	0	0	0	0	0	0	0	0	0	0	0	0	0	0	0	0	0	0	0	0	0	0	0	0	0	0	0	0	0	0	0	0	0	0	0	0	0	0	0	0	0	0	0	0	0	0	0	0	0	0	0	0	0	0	0	0	0	0	0	0	0	0	0	0	0	0	0	0	0	0	0	0	0	0	0	0	0	0	0	0	0	0	0	0	0	0	0	0	0	0	0	0	0	0	0	0	0	0	0	0	0	0	0	0	0	0	0	0	0	0	0	0	0	0	0	0	0	0	0	409	0	0	0	366	0	0	0	0	0	0	0	0	0	0	0	0	0	0	0	0	0	0	0	0	0	0	0	0	0	0	0	0	0	0	0	0	0	0	0	0	0	0	0	0	0	0	0	0	0	0	0	0	0	0	0	0	0	0	0	0	0	302	0	0	0	0	0	0	0	0	0	0	0	0	0	0	0	0	0	0	0	0	0	0	0	0	0	0	0	0	0	0	0	0	0	0	0	0	0	0	0	357	0	0	0	0	0	0	0	0	0	0	0	0	0	0	0	0	0	0	0	0	0	0	0	0	0	0	0	0	0	0	0	0	0	0	0	0	0	0	0	0	0	0	0	0	0	0	0	0	0	0	0	0	0	0	0	0	0	0	0	0	0	0	0	0	0	0	0	0	0	0	0	0	0	0	0	0	0	0	0	0	0	0	0	0	0	0	0	0
Eukaryota	undef_Eukaryota	Bacillariophyta	Bacillariophyceae	Bacillariales	Bacillariaceae	Nitzschia_diatoms	Nitzschia_palea	0	0	0	0	0	0	0	0	0	0	0	0	0	0	0	0	0	0	0	0	0	0	0	0	0	0	0	0	0	0	0	0	0	0	0	0	0	0	0	0	0	0	0	0	0	0	0	0	0	0	0	0	0	0	0	0	0	0	0	0	0	0	0	0	0	0	0	0	0	0	0	0	0	0	0	0	0	0	0	0	0	0	0	0	0	0	0	0	0	0	0	0	0	0	0	0	0	0	0	0	0	0	0	0	0	0	0	0	0	0	0	0	0	0	0	0	0	0	0	0	0	0	0	0	0	0	0	0	0	0	0	0	0	0	0	0	0	0	0	0	0	0	0	0	0	0	0	0	0	0	0	0	0	0	0	0	0	0	0	0	0	0	0	0	0	0	0	0	0	0	0	0	0	0	0	0	0	0	0	0	0	0	0	0	0	0	0	0	0	0	0	0	0	0	0	0	0	0	0	0	0	0	0	0	0	0	0	0	0	0	0	0	0	4	0	0	0	0	0	0	0	0	0	0	0	0	0	4	0	40	0	0	0	0	0	0	0	0	0	0	0	0	0	0	0	0	0	0	0	4	6	0	0	0	0	0	0	0	0	0	0	0	0	0	0	0	0	0	0	0	0	0	0	0	0	0	0	0	0	0	0	0	0	0	0	0	0	0	0	0	0	0	49	440	0	0	0	0	0	0	92	154	0	0	0	0	0	0	0	0	0	0	0	0	0	0	0	0	0	0	0	0	0	0	0	0	0	0	0	0	0	0	0	0	0	0	0	0	0	0	0	0	0	0	0	0	0	0	0	0	0	0	0	0	0	0	0	0	0	0	0	0	0	0	0	0	0	0	0	0	0	0	0	0	0	0	0	0	0	0	0	0	0	0	0	0	0	0	0	0	0	0	0	0
Eukaryota	undef_Eukaryota	Oomycota	undef_Oomycota	Peronosporales	Peronosporaceae	Phytophthora	Unknown	0	0	0	0	32	0	18	0	0	0	0	0	0	0	0	0	0	0	0	0	0	847	0	1	0	0	0	0	0	7	0	0	0	0	4	50	3	0	0	0	0	0	0	456	0	0	0	0	0	35	0	0	0	148	0	0	0	0	30	0	869	0	0	0	11	0	0	0	513	9	0	0	0	0	0	0	0	0	0	0	0	0	97	10	0	0	0	0	0	0	0	41	0	108	0	18	0	0	0	2	0	0	117	3	13	0	181	0	0	0	0	0	41	4	0	63	0	0	33	0	0	0	0	161	2	64	0	0	0	8	0	14	0	78	0	0	0	0	32	0	0	0	0	0	0	0	0	0	0	0	0	0	1	0	0	0	0	0	18	0	0	0	0	0	0	0	0	0	14418	246	0	0	0	0	0	0	24	0	0	0	0	277	0	0	965	0	0	0	0	11	761	0	0	0	0	0	0	0	59	7	0	0	0	0	0	0	0	0	0	0	47	1	10	0	0	4	0	0	0	2	0	0	0	19	0	0	969	0	0	0	0	1	0	0	0	0	0	0	0	11	29	4	0	0	0	0	0	403	0	0	0	0	0	33	0	0	187	0	0	0	0	64	0	0	0	0	0	0	0	15	734	17	0	0	1	0	0	0	0	0	0	88	0	0	0	0	0	0	0	21	1	96	0	13	0	0	0	0	0	87	4	5	0	70	0	0	0	0	0	27	29	4	238	0	31	0	0	0	0	0	17	9	36	3	0	0	0	0	67	64	0	0	0	5	0	0	0	0	0	0	0	0	0	0	3	0	0	0	0	0	0	0	1	0	0	0	1198	7761	55	36	0	0	0	0	0	0	0	0	0	0	180	0	0	1615	0	0	0	36	1304	0	0	0	0	0	0	2	55	15	0	0	0	0	0	0
Eukaryota	undef_Eukaryota	Oomycota	undef_Oomycota	Peronosporales	Peronosporaceae	Unknown	Unknown	0	0	0	0	0	0	0	0	0	0	0	0	0	0	0	174	0	0	0	0	15	0	0	0	0	0	0	0	0	0	0	0	0	0	0	0	0	465	0	0	0	0	65	0	0	0	0	115	0	0	0	0	166	0	0	0	0	0	0	0	0	0	0	0	0	227	0	0	0	0	42	0	0	0	0	0	0	0	0	204	0	0	0	0	95	0	0	0	113	0	0	0	0	0	0	0	0	130	0	0	0	0	0	0	0	0	0	0	0	0	0	0	0	0	0	0	0	665	0	0	0	0	38	0	0	0	0	8	0	0	0	0	154	0	0	0	0	0	0	0	0	0	0	19	0	0	0	0	0	164	0	0	0	285	0	0	0	0	238	0	0	0	0	0	0	0	0	0	0	0	0	0	0	0	0	0	0	0	0	43	0	0	0	0	0	0	0	0	142	0	0	0	0	0	0	0	0	0	0	3	0	0	0	0	0	0	0	0	0	0	0	0	0	0	0	0	0	0	0	0	0	0	0	0	0	0	0	0	0	0	0	0	0	0	0	0	0	0	0	0	0	0	0	0	0	0	0	0	0	0	0	0	0	0	0	0	0	0	0	0	0	0	0	0	0	0	0	0	0	0	0	0	0	0	0	0	0	0	0	0	0	0	0	0	0	0	0	0	0	0	0	0	0	0	0	0	0	0	0	0	0	0	0	0	0	0	0	0	0	0	0	0	0	0	0	0	0	0	0	0	0	0	0	0	0	0	0	0	0	0	0	0	0	0	0	0	0	0	0	0	0	0	0	0	0	0	0	0	0	0	0	0	0	0	0	0	0	0	0	0	0	0	0	0	0	0	0	0	0	0	0	0	0	0	0	0	0	0	0	0	0	0	0	0	0	0	0	0	0	0	0	0	0	0
Eukaryota	undef_Eukaryota	Oomycota	undef_Oomycota	Peronosporales	Unknown	Unknown	Unknown	0	0	0	0	32	1	0	1455	0	0	0	0	0	0	0	0	0	0	0	0	652	2	4	19	141	0	0	0	0	0	0	0	0	0	0	0	0	0	0	0	0	0	0	16	0	0	608	0	0	0	0	0	0	0	0	0	78	0	0	0	0	0	0	0	0	0	0	0	0	0	0	0	0	0	0	0	0	0	0	0	0	0	0	0	0	0	0	0	0	0	0	0	0	66	27	143	35	0	0	0	0	0	0	19	91	21	0	0	0	0	0	0	0	0	0	0	0	0	0	0	0	0	0	0	0	0	0	0	0	0	0	0	0	0	0	0	0	0	0	0	0	0	0	0	0	0	0	0	0	0	0	0	0	0	0	0	0	0	0	0	0	0	8	2	241	673	0	0	0	0	0	0	0	0	65	0	59	139	0	0	0	0	0	0	0	0	0	0	0	0	0	0	0	0	0	0	0	199	195	32	420	0	0	0	0	0	0	0	0	0	24	15	0	733	0	0	0	0	0	21	0	0	0	0	0	0	1	14	6	345	0	0	0	0	0	0	0	0	0	0	0	0	0	0	0	0	0	29	0	0	951	0	0	0	0	0	0	1	0	96	0	0	0	0	0	0	0	0	0	0	0	0	0	0	0	0	0	0	0	0	0	0	0	0	0	0	0	0	0	0	0	75	17	129	159	0	0	0	0	0	23	38	72	0	0	0	0	0	0	0	0	0	0	0	0	0	0	0	0	0	0	0	0	0	0	0	0	0	0	0	0	0	0	0	0	0	0	0	0	0	0	0	0	0	0	0	0	0	0	0	0	29	9	304	563	0	0	0	0	0	0	0	0	73	0	23	561	0	0	0	0	0	0	0	0	0	0	0	0	0	0	0	0	0	0	274	212	19	691	0	0	0	0	0
Eukaryota	undef_Eukaryota	Oomycota	undef_Oomycota	Pythiales	Pythiaceae	Pythium	Unknown	0	0	0	0	0	0	0	0	0	0	0	0	0	0	0	401	0	0	0	0	155	0	0	0	0	0	0	0	0	0	0	0	0	0	0	0	0	156	0	0	0	0	0	0	0	0	0	0	0	0	0	0	308	0	0	0	0	0	0	0	0	0	0	0	0	84	0	0	0	0	568	0	0	0	0	0	0	0	0	0	0	0	0	0	62	0	0	0	80	0	0	0	0	0	0	0	0	541	0	0	0	0	0	0	0	0	0	0	0	0	0	0	0	0	0	0	0	35	0	0	0	0	0	0	0	0	0	153	0	0	0	0	137	0	0	0	0	0	0	0	0	0	0	183	0	0	0	0	0	170	0	0	0	0	0	0	0	0	45	0	0	0	0	0	0	0	0	0	0	0	0	0	0	0	0	0	0	0	0	26	0	0	0	0	0	0	0	0	0	0	0	0	0	0	0	0	0	0	0	0	0	0	0	0	0	0	0	0	0	0	0	0	0	0	0	0	0	0	0	0	0	0	0	0	0	0	0	0	0	0	0	0	0	0	0	0	0	0	0	0	0	0	0	0	0	0	0	0	0	0	0	0	0	0	0	0	0	0	0	0	0	0	0	0	0	0	0	0	0	0	0	0	0	0	0	0	0	0	0	0	0	0	0	0	0	0	0	0	0	0	0	0	0	0	0	0	0	0	0	0	0	0	0	0	0	0	0	0	0	0	0	0	0	0	0	0	0	0	0	0	0	0	0	0	0	0	0	0	0	0	0	0	0	0	0	0	0	0	0	0	0	0	0	0	0	0	0	0	0	0	0	0	0	0	0	0	0	0	0	0	0	0	0	0	0	0	0	0	0	0	0	0	0	0	0	0	0	0	0	0	0	0	0	0	0	0	0	0	0	0	0	0	0	0
Eukaryota	undef_Eukaryota	Oomycota	undef_Oomycota	Saprolegniales	Saprolegniaceae	Saprolegnia	Saprolegnia_ferax	0	0	0	0	0	0	0	0	0	0	0	0	0	0	0	4	0	0	0	0	38	0	0	0	0	9	0	0	0	0	0	0	0	0	0	0	0	1	17	0	28	26	2	1	0	0	0	5	0	0	0	0	21	8	0	0	0	0	0	0	0	0	0	0	0	0	0	0	0	0	0	0	0	0	0	0	0	0	0	10	0	0	0	0	2	0	0	0	0	0	0	0	0	0	0	0	0	4	0	0	0	0	0	0	0	0	0	0	0	0	0	0	0	0	0	0	0	0	0	0	0	0	4	0	0	0	0	0	0	0	0	0	0	0	0	0	0	0	0	0	13	0	2	33	0	0	0	18	0	16	0	0	0	0	1	5	419	170	0	0	0	3	0	0	0	0	0	0	0	0	0	0	0	0	0	0	0	0	0	5	0	0	0	0	12	0	0	0	16	0	0	0	0	0	0	0	52	0	0	0	0	0	0	0	0	0	0	0	0	0	0	0	0	0	0	0	0	0	0	0	0	0	0	0	0	0	0	0	0	0	0	0	0	0	0	0	0	0	0	0	0	0	0	0	0	0	0	0	0	0	0	0	0	0	0	0	0	0	0	0	0	0	0	0	0	0	0	0	0	0	0	0	0	0	0	0	0	0	0	0	0	0	0	0	0	0	0	0	0	0	0	0	0	0	0	0	0	0	0	0	0	0	0	0	0	0	0	0	0	0	0	0	0	0	0	0	0	0	0	0	0	0	0	0	0	0	0	0	0	0	0	0	0	0	0	0	0	0	0	0	0	0	0	0	0	0	0	0	0	0	0	0	0	0	0	0	0	0	0	0	0	0	0	0	0	0	0	0	0	0	0	0	0	0	0	0	0	0	0	0	0	0	0	0	0	0	0	0	0	0	0	0	0	0
Eukaryota	undef_Eukaryota	Oomycota	undef_Oomycota	Unknown	Unknown	Unknown	Unknown	0	189	0	0	0	18	115	79	2	69	3	13	1	4	0	951	156	72	11	0	157	128	18	49	10	485	4	136	36	3	3	518	137	31	29	551	6	506	7	9	15	8	853	1002	9	14	2	480	22	25	19	0	562	208	35	0	0	18	24	20	0	17	3	77	7	1058	0	0	0	0	958	128	554	421	202	9	12	5	32	5880	0	45	27	31	2194	24	76	1	402	0	89	0	4445	22	2	68	7	1514	9	387	81	25	13	33	33	0	164	0	22	126	128	7	0	0	1	5	5	712	4	0	36	190	801	219	3	14	14	14	8	237	36	27	117	0	3	0	4	95	3	55	245	122	2	882	1	180	4	9	7	125	45	133	50	392	15	35	789	17	418	9	22	114	12	6	25	79	0	0	84	682	1834	2	841	45	11	2	150	6	6	35	830	658	0	286	3253	179	111	38	499	188	4830	3	99	3	0	20	4	0	0	0	0	0	0	0	0	0	0	500	0	0	96	52	0	98	1	340	3	3	16	288	8	3	182	176	0	0	236	112	2	17	663	73	209	23	31	6	216	31	99	63	63	10	38	96	4	9	2038	833	17	10	0	1390	69	116	18	0	189	117	11	55	27	30	28	54	19	44	196	17	0	0	0	0	446	135	8	34	48	0	5670	3	14	17	7	5	56	158	881	0	40	0	2979	141	135	0	1	136	406	282	64	51	16	0	0	89	0	456	34	97	24	0	0	47	25	1691	32	0	6	66	9	46	721	290	0	3	19	23	0	4	0	0	127	142	51	41	154	86	45	665	56	277	107	247	14	50	85	739	4	14	76	21	15	34	6	49	3	0	0	0	0	1680	243	264	4	68	377	37	72	1	21	1333	767	27	90	5143	256	67	60	762	13294	2	133	0	17	0	5	48	123	17	25	0	0	0	0	0
Eukaryota	undef_Eukaryota	Unknown	Unknown	Unknown	Unknown	Unknown	Unknown	0	6463	249	5	213	1337	14735	16449	61	6099	0	0	0	0	0	683	0	0	9	0	9009	164	5803	16098	11334	13	7	11546	179	0	69	215	1408	0	0	6948	0	995	1710	71	110	7	840	467	4767	11957	18118	420	0	0	0	0	4	166	3128	3788	8799	0	1063	23	0	493	372	43	0	946	0	0	0	0	1296	33	51	80	470	43	1190	0	0	17557	0	665	0	0	7046	751	17	0	1853	0	1018	47	52345	1841	719	1985	8039	3051	1	10535	6050	0	198	5266	15004	2111	4270	566	0	0	0	0	0	0	0	0	168	1033	104	0	52	47	345	7	0	0	0	103	1	9595	0	50	306	6	0	0	1368	113	0	793	1354	0	19	489	30	0	3	0	0	230	50	0	0	12	552	2	1324	117	567	8	143	14	3561	265	633	17150	0	0	0	0	2851	0	10148	0	3024	25	4945	9439	4	142	756	0	521	0	309	61	127	192	1483	127	4923	13	2488	85	41	496	122	1145	2374	550	293	0	0	0	0	0	0	7803	186	3	135	2368	10813	8882	107	8654	9	0	0	8109	3	0	13	0	2	0	106	5275	8222	14391	0	137	57	176	0	76	3345	428	0	0	4404	0	867	64	119	160	505	155	7079	7383	10262	0	0	0	0	0	52	5233	2865	8878	0	0	34	39	473	0	38	0	17	16	0	0	72	41	37	0	14	0	16735	1	772	0	0	107	11	2043	1478	546	192	30	49901	1319	1460	1252	10515	5	11245	5350	0	94	4873	12633	4984	4573	1	39	8	0	0	0	0	10	3	326	358	0	272	4	82	3	631	5116	0	9	0	6	0	0	0	0	2097	341	63	48	99	141	0	0	25	11	0	306	11	97	134	267	7	16	261	0	41	5789	233	784	14188	0	12	0	47	3785	0	5542	0	2085	26	3465	15067	5	81	1542	0	1037	0	142	145	118	229	994	4465	8	2089	0	14	50	49	1121	1384	393	112	0	0	0	0	0
Eukaryota	undef_Eukaryota	undef_undef_Eukaryota	Chrysophyceae	Chromulinales	Dinobryaceae	Poteriospumella	Poteriospumella_lacustris	0	97	0	0	51	673	750	47	12	0	3	0	0	0	0	69	0	0	34	3	157	66	1674	1145	2	0	0	28	0	0	0	0	0	0	1	77	2	320	0	0	0	0	7572	537	326	753	8	28	0	0	0	0	842	295	114	9	0	6	324	0	0	0	2	0	269	104	5	0	0	0	495	1	0	0	0	0	293	0	30	32	0	1	13	7	41	0	3	19	559	0	0	0	0	844	234	222	13	820	0	40	14	0	200	510	132	0	0	9	0	0	0	0	0	0	0	0	10	196	0	0	0	0	125	3	0	0	0	393	0	0	0	0	23	0	0	0	0	1	0	42	480	0	0	113	0	12	3	3	0	50	10	0	0	20	2	6	6	0	2	0	10	0	157	180	1893	738	3	0	0	0	0	0	8	0	1268	29	379	323	3	16	1	0	0	0	22	26	350	12	10854	0	29	0	0	0	0	3	10	401	247	625	128	0	0	0	0	0	0	380	0	0	192	752	276	26	7	0	0	2	0	965	0	0	0	0	6	9	158	2162	936	10	3	28	0	3	0	0	37	0	0	0	74	7	0	0	0	0	5111	522	322	740	9	15	1	0	0	1	332	139	16	0	1	0	0	0	0	0	0	37	19	0	0	0	0	0	0	0	0	0	0	8	0	10	0	0	0	0	120	46	0	0	0	802	196	273	12	0	0	10	0	234	473	92	15	0	0	19	0	0	0	0	0	0	0	293	0	0	0	0	0	3	13	0	0	0	0	0	0	0	0	0	231	131	2	0	46	3	0	0	0	26	17	0	0	3	31	11	0	3	33	0	0	467	147	2043	867	2	0	0	0	5	0	11	0	1192	50	513	1444	1	28	17	0	0	6	47	5	212	4	0	529	0	1	0	0	4	0	418	265	755	213	0	0	0	0	0
Eukaryota	undef_Eukaryota	undef_undef_Eukaryota	Cryptophyceae	Cryptomonadales	Cryptomonadaceae	Cryptomonas	Cryptomonas_ovata	0	0	0	0	1149	4717	4088	3292	1445	155	0	0	0	0	0	5732	0	0	0	0	6580	3325	4347	6576	1261	680	3820	0	1583	0	0	6342	0	0	0	0	0	21114	18270	406	0	0	15104	8233	2056	537	354	12553	0	0	0	0	16293	3948	1774	484	4717	0	2300	0	0	0	32	0	0	12192	0	0	0	0	15945	360	31	0	0	160	711	0	0	8973	0	448	0	0	10911	0	0	0	16772	0	0	0	0	7756	945	4680	1274	11608	0	394	0	0	3544	3449	4606	1042	0	242	0	0	0	0	0	0	0	0	0	19964	0	0	0	0	5185	676	0	0	0	2931	0	0	0	0	4602	0	0	0	0	651	0	1557	10738	0	89	5351	50	0	0	0	0	6906	0	0	0	5526	13697	3869	9200	1119	7619	1475	75	14	2211	3207	2426	3708	0	0	0	0	0	0	0	0	5287	1493	2081	2174	328	4023	1939	0	0	0	1349	26	407	0	11691	0	0	0	0	243	89	6908	31	1545	4577	4818	438	0	0	0	0	0	0	0	0	0	1472	5597	4897	6632	1555	225	0	0	0	1575	0	0	0	136	0	0	3772	3465	4402	3461	946	3970	3922	2610	0	0	0	0	0	0	0	0	21710	316	0	0	17895	9152	2189	498	764	15099	0	8	0	0	4177	2618	480	4705	0	20	0	0	0	17	0	0	0	8	0	0	33	0	258	0	0	0	9454	0	17	0	0	0	0	0	19228	0	1	0	0	8802	2888	5317	2696	0	0	0	0	3821	3888	5071	2575	0	0	0	0	0	18	0	0	0	0	22135	0	0	0	0	0	0	0	7	0	0	0	0	0	2	0	0	1482	3220	534	552	7672	303	16	0	0	9937	0	4	0	15081	3438	6653	1173	1308	129	117	15	3059	4094	1791	4767	0	3	0	0	0	50	0	0	3816	1334	1058	5650	316	4066	1837	40	0	0	1047	70	326	0	0	0	0	0	349	161	6144	113	1683	8662	2398	1112	509	0	956	0	0
Eukaryota	undef_Eukaryota	undef_undef_Eukaryota	Dinophyceae	Peridiniales	Unknown	Unknown	Unknown	0	0	0	0	44	0	0	0	3	0	0	0	0	0	0	7	0	0	0	0	29	28	9	0	1	89	0	0	67	0	0	44	0	0	0	0	0	163	0	61	489	93	75	9	12	0	0	58	0	0	0	0	125	23	56	0	0	0	0	0	0	0	0	0	0	110	0	0	0	0	106	11	7	20	26	0	20	0	0	177	0	0	0	0	41	0	0	1	31	0	0	0	0	9	0	12	0	69	0	3	0	0	11	0	0	0	0	0	0	0	0	0	0	0	0	0	0	62	24	0	0	0	64	0	0	0	0	12	0	0	0	0	54	0	0	0	0	0	0	19	0	0	9	56	0	0	0	0	0	16	0	0	0	40	0	0	87	84	84	0	16	0	17	0	0	0	0	0	0	0	0	0	0	0	4	0	0	0	26	33	0	0	0	0	0	0	0	0	200	0	0	0	0	0	0	129	62	34	0	19	3	0	0	0	0	0	0	0	0	0	0	9	0	33	6	0	0	0	0	0	0	0	0	0	0	0	38	3	0	0	82	7	50	113	0	0	0	0	0	0	0	0	11	32	481	595	117	0	0	0	0	97	0	1	0	0	23	11	0	4	0	0	0	0	0	0	0	0	0	0	0	0	10	18	0	0	0	0	217	0	0	0	0	0	0	0	83	0	0	0	0	13	0	17	0	3	0	0	0	16	0	6	0	0	0	0	0	0	0	0	0	0	0	128	22	0	0	0	0	0	0	0	0	0	0	0	0	0	0	0	0	0	3	0	273	0	0	0	0	48	0	0	0	0	0	92	74	0	0	0	0	0	4	0	0	0	0	0	0	0	0	0	0	0	0	0	0	23	48	0	0	0	0	0	0	0	0	0	0	0	0	0	4	89	72	58	5	16	6	0	0	0	0	0
Eukaryota	undef_Eukaryota	undef_undef_Eukaryota	Dinophyceae	Suessiales	Unknown	Unknown	Unknown	0	0	0	0	34	0	0	10	0	0	0	0	0	0	0	79	0	0	0	0	0	9	6	0	5	0	33	0	0	26	0	0	0	0	0	0	0	0	37	2596	0	78	10	16	0	0	0	36	0	0	0	0	9	21	0	0	0	0	0	0	0	0	0	0	0	4	0	0	0	0	3	6	0	0	88	26	0	0	0	0	0	1	0	0	4	0	0	0	0	0	0	0	0	11	40	14	0	1	4	0	0	0	6	0	7	0	0	0	0	0	0	0	0	0	0	0	0	10	0	0	0	0	9	17	0	0	0	33	0	0	0	0	19	0	0	0	0	13	0	136	204	0	3	1	19	0	0	0	0	64	0	0	0	21	575	19	30	42	18	29	0	0	7	0	6	0	0	0	0	0	0	0	0	0	39	0	0	0	10	12	81	0	0	0	65	0	0	0	1	0	0	0	0	2	0	642	0	10	5	5	8	0	0	0	0	0	0	0	0	0	51	12	7	0	0	0	0	0	0	0	0	0	0	0	0	0	6	9	6	8	0	41	0	0	41	0	0	0	0	0	0	0	84	1080	17	18	11	16	0	0	0	33	0	0	0	0	58	0	0	0	0	0	0	0	0	0	0	0	0	0	0	0	2	0	31	0	0	0	0	1	0	0	0	0	0	0	0	0	0	0	0	16	5	7	0	0	0	0	0	0	8	8	0	0	0	0	0	0	0	0	0	0	0	0	3	0	0	0	0	0	0	0	0	0	0	0	0	0	0	0	75	221	0	7	107	241	0	0	0	71	0	0	0	1073	119	25	9	34	0	0	0	4	8	15	0	0	0	0	0	0	0	0	0	40	5	0	0	13	8	48	0	0	0	97	0	0	0	0	0	0	0	1	2	188	0	9	5	4	6	0	0	0	0	0
Eukaryota	undef_Eukaryota	undef_undef_Eukaryota	Dinophyceae	Unknown	Unknown	Unknown	Unknown	0	0	0	0	95	25	12	8	16	0	52	312	0	0	0	72	0	0	0	0	44	155	103	36	1	294	165	348	36	2	295	167	108	11	0	0	0	329	563	1976	1164	15	219	74	50	0	0	39	0	0	0	0	204	311	131	29	11	0	4	0	0	8	5	0	33	119	0	0	0	0	241	199	322	354	73	459	105	10	0	23	7	10	0	0	17	54	62	0	134	0	0	0	0	377	28	24	0	54	0	152	382	19	171	17	6	0	0	43	4	0	29	0	0	0	0	0	287	67	142	20	19	6	337	5	0	0	2	107	0	46	0	0	47	0	4	55	0	0	0	38	0	6	68	122	8	65	0	0	19	33	0	1	0	72	351	0	4	33	38	134	26	0	159	0	2	0	0	0	0	0	0	7	19	206	605	54	45	1	128	26	65	0	116	22	12	0	0	0	87	0	0	0	0	94	23	67	0	22	15	0	0	0	0	0	0	0	0	0	0	0	34	102	87	55	14	0	50	134	530	9	7	0	0	0	0	0	163	58	27	0	171	301	112	27	1	196	509	51	20	0	0	0	1251	4117	236	328	283	55	66	0	3	23	0	0	0	0	341	93	12	0	0	0	0	0	25	6	0	8	0	0	0	0	845	398	345	32	3	1	0	3	0	0	0	3	65	0	127	0	0	0	0	491	27	5	0	0	124	292	13	220	25	5	0	6	12	0	0	64	0	0	0	0	0	59	196	15	73	0	37	0	0	16	0	0	0	16	33	0	0	0	1	0	0	0	0	13	5	53	0	7	0	12	0	624	10	6	23	139	38	0	0	254	18	0	0	0	0	0	0	0	2	30	164	346	433	10	0	105	14	21	0	761	454	11	0	0	0	0	0	0	0	114	155	14	0	29	55	3	0	0	0	0	0	0
Eukaryota	undef_Eukaryota	undef_undef_Eukaryota	Eustigmatophyceae	Eustigmatales	Chlorobotryaceae	Vischeria	Vischeria_magna	0	0	0	0	0	352	67	455	0	0	0	0	0	0	0	0	0	0	0	0	259	0	452	43	276	0	0	0	0	0	0	0	0	0	0	0	0	0	0	0	0	0	0	41	36	233	92	0	0	0	0	0	0	0	33	0	117	0	164	0	0	0	0	0	0	0	0	0	0	0	0	0	0	0	0	0	58	0	0	0	0	0	0	0	0	0	0	0	0	0	0	0	0	62	19	86	107	0	0	10	0	0	0	12	61	65	0	2	0	0	0	0	0	0	0	0	0	0	0	0	0	0	0	0	0	0	0	0	0	0	0	0	0	0	0	0	0	0	0	0	0	0	0	0	0	0	0	0	0	0	0	0	0	0	0	0	0	0	0	0	0	0	7	27	66	217	0	0	0	0	0	0	0	0	0	0	75	27	0	0	0	0	0	0	0	0	0	0	0	0	0	0	0	0	0	0	0	60	119	61	115	0	0	0	0	0	0	0	0	0	53	289	74	248	0	0	0	0	0	101	0	0	0	0	0	0	0	111	49	287	0	0	0	0	0	0	0	0	0	0	0	0	0	0	0	0	0	31	49	80	61	0	0	0	0	0	0	16	13	89	0	0	0	0	0	0	0	0	0	0	0	0	0	0	0	0	0	0	0	0	0	0	0	0	0	0	0	0	0	0	0	39	28	25	101	0	0	0	0	0	12	58	71	0	0	0	0	0	0	0	0	0	0	0	0	0	0	0	0	0	0	0	0	0	0	0	0	0	0	0	0	0	0	0	0	0	0	0	0	0	0	0	0	0	0	0	0	0	0	0	0	6	10	123	208	0	0	0	0	0	0	0	0	0	0	31	49	0	0	0	0	0	0	0	0	0	0	0	0	0	0	0	0	0	0	69	199	29	50	0	0	0	0	0
Eukaryota	undef_Eukaryota	undef_undef_Eukaryota	Eustigmatophyceae	Eustigmatales	Monodopsidaceae	Nannochloropsis	Nannochloropsis_oculata	0	0	0	0	0	0	0	0	0	0	0	0	0	0	0	0	0	0	0	0	0	0	0	0	0	0	0	0	0	0	0	0	0	0	0	0	0	0	0	0	0	0	0	0	0	0	0	0	0	0	0	0	0	0	0	0	0	0	0	0	0	0	0	0	0	0	0	0	0	0	0	0	0	0	0	0	0	0	0	0	0	0	0	0	0	0	0	0	0	0	0	0	0	0	0	0	0	0	0	0	0	0	0	0	0	0	0	0	0	0	0	0	0	0	0	0	0	0	0	0	0	0	0	0	0	0	0	0	0	0	0	0	0	0	0	0	0	0	0	0	0	0	0	0	0	0	0	0	0	0	0	0	0	0	0	0	0	0	0	0	0	0	0	0	0	0	0	0	0	0	0	0	0	0	0	0	0	0	0	0	0	0	0	0	0	0	0	0	0	0	0	0	0	0	0	0	0	0	0	0	0	0	0	0	0	0	0	0	0	0	0	0	0	0	0	0	0	0	0	0	0	0	0	0	0	0	0	0	0	0	0	0	0	0	0	0	0	0	0	0	0	0	0	0	0	0	0	0	0	0	0	0	0	0	0	0	0	0	0	0	0	0	0	0	0	0	17	837	0	0	0	0	0	0	0	0	41	135	0	0	0	0	0	0	0	0	0	0	0	0	0	0	0	0	0	0	0	0	0	0	0	0	0	0	10	40	0	0	0	0	0	0	0	0	1	0	0	0	0	0	0	0	0	0	0	0	0	0	0	0	0	0	0	0	0	0	0	0	0	0	0	0	0	0	0	0	0	0	0	0	0	0	0	0	0	0	0	0	0	0	0	0	0	0	0	0	0	0	0	0	0	0	0	0	0	0	0	0	0	0	0	0	0	0	0	0	0	0	0	0	0	0	0	0
Eukaryota	undef_Eukaryota	undef_undef_Eukaryota	Phaeophyceae	Ectocarpales	Chordariaceae	Unknown	Unknown	0	0	0	0	17	33	406	227	0	0	0	0	0	0	0	0	0	0	0	0	71	0	59	388	22	0	0	0	0	0	0	0	0	0	0	0	0	0	0	0	0	0	0	8	9	179	548	0	0	0	0	0	0	0	2	53	274	0	8	0	0	0	0	0	0	0	0	0	0	0	0	0	0	0	0	0	10	0	0	0	0	0	0	0	0	0	0	0	0	0	0	0	0	6	19	101	27	0	0	2	0	0	0	25	25	0	0	0	0	0	0	0	0	0	0	0	0	0	0	0	0	0	0	0	0	0	0	0	0	0	0	0	0	0	0	0	0	0	0	0	0	0	4	0	0	0	0	0	0	0	0	0	0	0	0	0	0	0	0	0	0	0	4	110	278	143	0	0	0	0	0	0	0	0	0	10	52	39	0	0	0	0	0	0	0	0	0	0	0	0	0	0	0	0	0	0	0	36	95	174	240	0	0	0	0	0	0	0	0	0	0	67	207	59	0	0	0	0	0	55	0	0	0	0	0	0	0	93	161	22	0	0	0	0	0	0	0	0	0	0	0	0	0	0	0	0	0	4	24	100	371	0	0	0	0	0	0	9	123	159	0	0	0	0	0	0	0	0	0	0	0	0	0	0	0	0	0	0	0	0	0	0	0	0	0	0	0	0	0	0	0	19	41	78	60	0	0	0	0	0	29	11	5	0	0	0	0	0	0	0	0	0	0	0	0	0	0	0	0	0	0	0	0	0	0	0	0	0	0	0	0	0	0	0	0	0	0	0	0	0	0	0	0	0	0	0	0	0	0	0	0	3	97	130	55	0	0	0	0	0	0	0	0	0	19	23	76	0	0	0	0	0	0	0	0	0	0	0	0	0	0	0	0	0	0	40	110	269	123	0	0	0	0	0
Eukaryota	undef_Eukaryota	undef_undef_Eukaryota	Synurophyceae	Ochromonadales	Ochromonadaceae	Poterioochromonas	Unknown	0	0	0	0	13	2	3	0	0	0	0	0	0	0	0	25	0	0	0	0	0	10	9	0	1	0	2	0	0	0	0	0	0	0	0	0	0	2	0	228	149	0	37	22	6	0	3	10	0	0	0	0	5	9	2	0	13	0	0	0	0	0	0	0	0	24	0	0	0	0	95	16	8	19	2	0	2	0	0	0	0	0	0	0	0	0	0	0	0	0	0	0	0	0	6	0	0	10	0	1	0	0	0	0	6	0	931	0	48	1115	0	0	0	0	0	0	44	20	65	0	0	576	26	0	0	0	0	34	0	0	0	0	5	0	3	0	0	0	0	0	0	0	1	130	20	0	0	0	0	58	0	0	0	60	2	17	11	7	347	0	3	5	0	0	0	2	0	0	0	0	0	0	0	0	0	0	15	0	0	4	24	0	0	0	1	0	0	0	0	0	0	0	0	0	99	34	1	0	37	0	0	0	0	0	0	0	0	0	0	0	19	8	2	0	0	0	0	0	0	7	0	0	0	0	0	0	14	27	1	0	0	10	0	0	0	0	0	0	0	0	0	0	3	678	66	93	35	17	10	0	0	11	0	0	0	0	21	13	0	6	0	0	0	0	0	0	0	0	0	0	0	0	7	28	0	0	0	0	0	0	0	0	0	0	0	0	0	0	0	0	0	0	0	3	0	0	0	0	0	0	0	0	0	820	0	365	923	0	0	0	0	0	0	0	75	0	6	0	0	0	65	0	0	0	0	10	0	0	0	0	0	0	0	0	0	68	0	0	0	49	0	0	0	0	18	13	1	0	0	9	0	1	4	0	0	0	0	0	0	0	0	0	0	0	11	0	0	0	3	29	0	0	0	0	0	0	0	0	0	0	0	0	113	24	3	0	11	0	0	0	0	0	0	0
Eukaryota	undef_Eukaryota	undef_undef_Eukaryota	Unknown	Unknown	Unknown	Unknown	Unknown	0	76	0	0	874	1352	9	317	406	0	0	0	0	0	28	297	0	0	0	0	461	1810	715	1832	470	312	664	5	563	0	0	1612	2822	0	21	102	57	3795	1707	168	0	0	3158	2568	635	221	19	2667	0	0	0	0	2521	1332	195	0	1338	1	413	0	8	0	0	10	253	2311	0	0	0	0	1847	169	0	0	0	74	24	0	44	1873	0	148	0	329	226	0	0	243	453	0	2	0	0	2026	915	2804	0	805	0	184	0	49	930	789	2326	420	14	114	16	131	0	0	0	0	0	0	3	3126	0	0	0	64	1000	246	0	0	0	287	6	1	0	29	924	0	0	0	0	178	7	471	2715	17	0	184	0	0	0	0	3	1599	0	17	1617	817	2498	1066	823	89	83	453	0	5	933	1242	767	1193	0	0	0	0	98	104	0	0	1410	637	597	604	125	775	1321	13	0	150	0	0	171	0	899	27	7018	15	3	0	0	863	14	598	2182	1008	83	0	35	0	0	0	0	83	0	0	609	648	230	459	149	0	0	1	0	356	7	333	0	30	0	0	1335	656	407	553	179	200	539	380	0	0	2	1320	2	47	51	84	1797	59	0	0	1978	1717	813	2	153	1851	0	0	0	0	653	508	55	781	0	0	0	0	0	0	8	103	6	0	0	0	0	0	39	0	0	6	846	0	0	0	0	0	0	446	873	0	0	0	0	1360	829	1859	341	0	0	0	115	582	1058	1438	264	7	0	88	140	0	1	0	0	0	0	3784	2	0	0	0	0	0	231	0	0	6	0	0	0	0	0	25	233	412	95	0	243	0	0	61	0	1405	0	41	1380	1639	395	433	197	301	0	0	0	1258	799	317	458	0	0	0	0	98	170	0	0	1738	276	174	709	68	398	957	11	0	318	60	0	102	0	59	5699	13	8	0	0	846	0	580	2341	255	151	161	0	0	0	0